[ { _id: 1,
    name: '5 Bedroom Castle right by Deerfield with Party Before 90s' },
  { _id: 2,
    name: 'Entire 3 Bedroom in Hacker House walking distance to Oxholde with Four Xoxo' },
  { _id: 3,
    name: 'Entire 4 Bedroom in Cottage within 1 mile of Bellfall with Chips Thundercats V' },
  { _id: 4,
    name: '1 Bedroom Igloo within 2 miles of Knightfield with Tbh Batch Hoodie' },
  { _id: 5, name: '2 Bedroom Igloo in Pearlminster with Truck' },
  { _id: 6,
    name: '4 Bedroom Cottage in Sleetstall with Photo Post-Ironic' },
  { _id: 7,
    name: 'Entire 5 Bedroom in Hobbit-Hole in the heart of Peeker’s Valley with Vexillologist Wayfarers V' },
  { _id: 8,
    name: '1 Bedroom Hut a stone\'s throw away from Highbarrow with Listicle' },
  { _id: 9,
    name: 'Entire 4 Bedroom in Hacker House within 1 mile of Knightharbor with Neutra Heard' },
  { _id: 10,
    name: '4 Bedroom Apartment walking distance to The Magpie’s Market with You' },
  { _id: 11,
    name: '2 Bedroom Igloo in downtown Deerfrost with Bag Pinterest' },
  { _id: 12,
    name: 'Entire 5 Bedroom in Apartment within 2 miles of Black Morrow Marshes with Iceland of' },
  { _id: 13,
    name: '1 Bedroom Lake House in downtown Lakechill with Umami' },
  { _id: 14,
    name: '4 Bedroom Dome by Southgrave with Wayfarers Sustainable' },
  { _id: 15,
    name: 'Entire 3 Bedroom in Dome within 5 miles of Mosshallow with Cornhole Biodiesel' },
  { _id: 16,
    name: '2 Bedroom Hobbit-Hole within 1 mile of Sleetstall with Squid Authentic Heirloom' },
  { _id: 17,
    name: '4 Bedroom Castle within 2 miles of Arrowhead Inn with Truck' },
  { _id: 18,
    name: '2 Bedroom Dungeon in the heart of Trader’s Turn Plaza with Semiotics Semiotics' },
  { _id: 19,
    name: '2 Bedroom Cottage a stone\'s throw away from Mosshallow with Hella' },
  { _id: 20,
    name: 'Entire 5 Bedroom in Dome within 5 miles of Sleetstall with Pop-Up Batch' },
  { _id: 21,
    name: 'Entire 1 Bedroom in Beach House a stone\'s throw away from Hemm’s Tailors with Park Readymade' },
  { _id: 22,
    name: 'Entire 4 Bedroom in Cottage right by Everside with Juice Street Heard' },
  { _id: 23,
    name: 'Entire 1 Bedroom in Hacker House within 1 mile of Dogbury with Ramps Lyft' },
  { _id: 24,
    name: 'Entire 2 Bedroom in Dungeon within 2 miles of Miss Plunkerhouse’s Grand Tailors with Synth' },
  { _id: 25,
    name: 'Entire 1 Bedroom in Palace in downtown Eaststorm with Cronut Denim' },
  { _id: 26,
    name: '4 Bedroom Farm by Black Morrow Marshes with Yuccie' },
  { _id: 27,
    name: '1 Bedroom Dome in Wild Hare Country Tavern with Mixtape Fingerstache Art' },
  { _id: 28,
    name: 'Entire 2 Bedroom in Hacker House a stone\'s throw away from Swift Axes Woodcutter Shoppe with Keytar Snackwave Mustache' },
  { _id: 29,
    name: 'Entire 1 Bedroom in Beach House within 2 miles of Eaglebreak with Fanny Tattooed' },
  { _id: 30,
    name: 'Entire 3 Bedroom in Lake House in Duststall with Sustainable Rights' },
  { _id: 31,
    name: '4 Bedroom Castle walking distance to Mosswick with Subway' },
  { _id: 32,
    name: '3 Bedroom Lake House a stone\'s throw away from Baybourne with Booth Mumblecore' },
  { _id: 33,
    name: 'Entire 4 Bedroom in Castle a stone\'s throw away from Bearwind with Snackwave Meggings' },
  { _id: 34,
    name: 'Entire 1 Bedroom in Palace a stone\'s throw away from Breggo’s Beard Brewery with Activated Sustainable Fingerstache' },
  { _id: 35,
    name: '2 Bedroom Hut right by Dawnhost with 90s Bread' },
  { _id: 36,
    name: '2 Bedroom Palace right by Goldguard with Slow-Carb' },
  { _id: 37,
    name: 'Entire 5 Bedroom in Beach House in the heart of Houndscar with Moon Polaroid' },
  { _id: 38,
    name: '2 Bedroom Hobbit-Hole by Padsley Village with Skateboard Santo Juice' },
  { _id: 39,
    name: '1 Bedroom Dome right by Mossy Stone Cove with Beard on Umami' },
  { _id: 40,
    name: '2 Bedroom Dome in downtown Fairville with Vaporware Typewriter Chicharrones' },
  { _id: 41,
    name: '1 Bedroom Farm by Fearguard with Chambray Santo Vegan' },
  { _id: 42,
    name: 'Entire 5 Bedroom in Hacker House walking distance to Wintermoor with Park V Hell' },
  { _id: 43,
    name: '5 Bedroom Cottage walking distance to Fairy Sisters Pasture with Small of Shabby' },
  { _id: 44,
    name: 'Entire 1 Bedroom in Hacker House walking distance to Silver Fin Fishery with Seitan' },
  { _id: 45,
    name: '5 Bedroom Hobbit-Hole in Lightmount with Synth Snackwave Waistcoat' },
  { _id: 46,
    name: 'Entire 4 Bedroom in Palace in Blindlight with Before' },
  { _id: 47,
    name: 'Entire 4 Bedroom in Igloo by Winterbury with Poutine' },
  { _id: 48,
    name: 'Entire 3 Bedroom in Hacker House within 2 miles of Oxholde with Pitchfork Kinfolk Xoxo' },
  { _id: 49,
    name: 'Entire 3 Bedroom in Lake House walking distance to Fowler’s Prize Furrers with Squid' },
  { _id: 50,
    name: 'Entire 3 Bedroom in Castle in Dragonhallow with Twee' },
  { _id: 51,
    name: '4 Bedroom Hacker House within 5 miles of Pearlminster with Williamsburg Enamel' },
  { _id: 52,
    name: '3 Bedroom Apartment by Padsley Village with Lomo Meditation' },
  { _id: 53, name: '4 Bedroom Hut in Boulderborn with Pabst' },
  { _id: 54,
    name: 'Entire 5 Bedroom in Dome right by Lowly Strider Almshouse with Cred Slow-Carb' },
  { _id: 55,
    name: '4 Bedroom Apartment within 5 miles of Steelborough with Party' },
  { _id: 56,
    name: '2 Bedroom Hacker House within 5 miles of Winterbury with Roof' },
  { _id: 57,
    name: 'Entire 2 Bedroom in Beach House in Freywich with Retro' },
  { _id: 58,
    name: '3 Bedroom Farm a stone\'s throw away from Bootstraps & Buckles Cobbler with Them' },
  { _id: 59,
    name: '4 Bedroom Hacker House right by Nightshear with Gluten-Free Put' },
  { _id: 60,
    name: 'Entire 2 Bedroom in Palace in downtown Pearlfront with Rights' },
  { _id: 61,
    name: '5 Bedroom Apartment within 5 miles of Stonefell with Thundercats Raclette' },
  { _id: 62,
    name: '1 Bedroom Castle right by Mudpass with Shabby Bushwick Semiotics' },
  { _id: 63,
    name: '1 Bedroom Apartment within 5 miles of Fearwatch with Raclette Level' },
  { _id: 64,
    name: '2 Bedroom Lake House walking distance to Bareshire with Bespoke Juice Microdosing' },
  { _id: 65,
    name: '3 Bedroom Dome in the heart of Freywich with Polaroid Bulb Schlitz' },
  { _id: 66,
    name: 'Entire 1 Bedroom in Farm in Starfalls with V Book' },
  { _id: 67,
    name: 'Entire 2 Bedroom in Apartment in downtown Archer’s Ale House with Intelligentsia Man Austin' },
  { _id: 68,
    name: '5 Bedroom Hobbit-Hole walking distance to Eaglebreak with Raw Artisan' },
  { _id: 69,
    name: 'Entire 2 Bedroom in Hacker House in the heart of Cursegulf with Havent Echo V' },
  { _id: 70,
    name: 'Entire 2 Bedroom in Hacker House a stone\'s throw away from County Arms Smithy with Axe' },
  { _id: 71,
    name: 'Entire 1 Bedroom in Apartment within 2 miles of Archer’s Ale House with Kinfolk Before' },
  { _id: 72,
    name: 'Entire 2 Bedroom in Castle walking distance to Pearlbury with Meggings Gastropub' },
  { _id: 73,
    name: 'Entire 2 Bedroom in Hobbit-Hole by Dawngate with Occupy Paleo Hoodie' },
  { _id: 74,
    name: 'Entire 1 Bedroom in Farm in Roguebell with Book' },
  { _id: 75,
    name: 'Entire 2 Bedroom in Apartment a stone\'s throw away from Golden Stalk Granary with Mumblecore Cloud Jean' },
  { _id: 76,
    name: '5 Bedroom Palace in the heart of Mosshall with Raclette Asymmetrical Organic' },
  { _id: 77,
    name: '5 Bedroom Dome in the heart of Farreach with Tofu Pabst Bird' },
  { _id: 78,
    name: 'Entire 2 Bedroom in Castle in downtown Southcrest with Bicycle' },
  { _id: 79,
    name: '2 Bedroom Palace within 2 miles of Beachbell with Brunch Chartreuse' },
  { _id: 80,
    name: '3 Bedroom Hut in the heart of Steammond with Bag' },
  { _id: 81,
    name: 'Entire 2 Bedroom in Apartment within 1 mile of Steamshire with You Banh' },
  { _id: 82,
    name: '3 Bedroom Farm in downtown Mighty Hart Furriers with Diy' },
  { _id: 83,
    name: '5 Bedroom Dungeon in Shroudfalls with Succulents' },
  { _id: 84,
    name: '3 Bedroom Farm in the heart of Stout Dragon Tavern with Goth' },
  { _id: 85,
    name: '3 Bedroom Lake House within 1 mile of Stormcall with Pabst' },
  { _id: 86,
    name: 'Entire 5 Bedroom in Apartment in Spiritvale with Subway Etsy Brunch' },
  { _id: 87,
    name: '4 Bedroom Igloo right by Oxholde with Dollar Chic' },
  { _id: 88,
    name: '5 Bedroom Hut in downtown Snakefell with Chillwave Cold-Pressed Food' },
  { _id: 89,
    name: '2 Bedroom Beach House by Burrowing Badger Inn with Photo Celiac' },
  { _id: 90,
    name: 'Entire 4 Bedroom in Hut walking distance to Scout’s Towers with Slow-Carb' },
  { _id: 91,
    name: 'Entire 4 Bedroom in Farm in Shimmermoor with Freegan Vape Artisan' },
  { _id: 92,
    name: '5 Bedroom Dome by Castlemire with Pack 3 Braid' },
  { _id: 93, name: '5 Bedroom Igloo by Pearlfront with Af' },
  { _id: 94,
    name: 'Entire 2 Bedroom in Hobbit-Hole within 5 miles of Burrowing Badger Inn with Cleanse Pork It' },
  { _id: 95,
    name: 'Entire 4 Bedroom in Hobbit-Hole right by Millfell with Put La' },
  { _id: 96,
    name: 'Entire 5 Bedroom in Palace right by Fallhall with Denim Gluten-Free' },
  { _id: 97,
    name: '3 Bedroom Lake House by Hollowrock with Everyday' },
  { _id: 98,
    name: 'Entire 1 Bedroom in Hut within 2 miles of Burrowing Badger Inn with Banjo' },
  { _id: 99,
    name: '2 Bedroom Beach House a stone\'s throw away from Steelcairn with Hammock' },
  { _id: 100,
    name: 'Entire 5 Bedroom in Lake House within 1 mile of Grimburn with Dollar Kickstarter Level' },
  ... 999899 more items ]
