id,description,url,listing_id
1,fortunate acoustic,https://s3-us-west-1.amazonaws.com/airdnd98/photos/pic_586.png,1
2,magnificent wrathful tacit joyous good periodic last knowledgeable,https://s3-us-west-1.amazonaws.com/airdnd98/photos/pic_677.png,1
3,regular used strange rural kindly standing far stupendous painstaking,https://s3-us-west-1.amazonaws.com/airdnd98/photos/pic_011.png,1
4,boundless skinny relieved scattered level unwieldy humorous humdrum,https://s3-us-west-1.amazonaws.com/airdnd98/photos/pic_380.png,1
5,bright,https://s3-us-west-1.amazonaws.com/airdnd98/photos/pic_336.png,1
6,husky profuse productive bitter draconian ahead daffy,https://s3-us-west-1.amazonaws.com/airdnd98/photos/pic_900.png,1
7,staking living tricky squalid spotless,https://s3-us-west-1.amazonaws.com/airdnd98/photos/pic_092.png,1
8,obese kindly outstanding tangible,https://s3-us-west-1.amazonaws.com/airdnd98/photos/pic_412.png,1
9,deep tasteless cruel useless,https://s3-us-west-1.amazonaws.com/airdnd98/photos/pic_517.png,1
10,parched lean soft mammoth absorbed spurious cheerful murky different,https://s3-us-west-1.amazonaws.com/airdnd98/photos/pic_701.png,2
11,devilish screeching chilly ruddy confused aware military broad splendid,https://s3-us-west-1.amazonaws.com/airdnd98/photos/pic_198.png,2
12,productive tranquil unsuitable uncovered accurate historical absorbed,https://s3-us-west-1.amazonaws.com/airdnd98/photos/pic_281.png,2
13,bad naive true worried,https://s3-us-west-1.amazonaws.com/airdnd98/photos/pic_359.png,2
14,giddy steadfast chilly lopsided lush far  flippant wiggly,https://s3-us-west-1.amazonaws.com/airdnd98/photos/pic_340.png,2
15,unadvised tense ripe spiritual steep hanging lively,https://s3-us-west-1.amazonaws.com/airdnd98/photos/pic_288.png,2
16,dark nifty direful nine madly uneven overt,https://s3-us-west-1.amazonaws.com/airdnd98/photos/pic_285.png,2
17,hallowed rare rebel,https://s3-us-west-1.amazonaws.com/airdnd98/photos/pic_804.png,3
18,second-hand scintillating hollow high-pitched,https://s3-us-west-1.amazonaws.com/airdnd98/photos/pic_493.png,3
19,ignorant mighty accessible bawdy enormous ad ossified icky ahead,https://s3-us-west-1.amazonaws.com/airdnd98/photos/pic_604.png,3
20,silent poor obedient creepy beautiful,https://s3-us-west-1.amazonaws.com/airdnd98/photos/pic_627.png,3
21,toothsome protective jobless numberless nervous cold sweet  deserted angry,https://s3-us-west-1.amazonaws.com/airdnd98/photos/pic_617.png,3
22,wry flaky loving past  flagrant  divergent,https://s3-us-west-1.amazonaws.com/airdnd98/photos/pic_325.png,3
23,ritzy shaky elastic thoughtless adjoining,https://s3-us-west-1.amazonaws.com/airdnd98/photos/pic_174.png,3
24,helpless periodic,https://s3-us-west-1.amazonaws.com/airdnd98/photos/pic_969.png,3
25,abstracted teeny-tiny,https://s3-us-west-1.amazonaws.com/airdnd98/photos/pic_165.png,3
26,tasty zonked boundless woozy nervous weary internal massive aquatic simplistic,https://s3-us-west-1.amazonaws.com/airdnd98/photos/pic_635.png,4
27,shallow,https://s3-us-west-1.amazonaws.com/airdnd98/photos/pic_581.png,4
28,spicy earthy cluttered,https://s3-us-west-1.amazonaws.com/airdnd98/photos/pic_796.png,4
29,accidental thundering weak entertaining real determined lowly,https://s3-us-west-1.amazonaws.com/airdnd98/photos/pic_446.png,4
30,redundant giddy adamant,https://s3-us-west-1.amazonaws.com/airdnd98/photos/pic_657.png,5
31,sticky nine trashy tall ancient repulsive male unsuitable,https://s3-us-west-1.amazonaws.com/airdnd98/photos/pic_867.png,5
32,outgoing colorful enormous,https://s3-us-west-1.amazonaws.com/airdnd98/photos/pic_504.png,5
33,guttural H habitual regular racial red,https://s3-us-west-1.amazonaws.com/airdnd98/photos/pic_551.png,5
34,spiteful nippy obese miniature victorious periodic wakeful obedient green grey grieving,https://s3-us-west-1.amazonaws.com/airdnd98/photos/pic_143.png,5
35,jittery electric  frequent awesome sore overt hollow,https://s3-us-west-1.amazonaws.com/airdnd98/photos/pic_566.png,5
36,null spotless different known difficult loutish smelly tart,https://s3-us-west-1.amazonaws.com/airdnd98/photos/pic_598.png,5
37,massive true shut addicted curious billowy nutty flashy,https://s3-us-west-1.amazonaws.com/airdnd98/photos/pic_113.png,5
38,purple gray greasy great stimulating dull gamy obedient recondite red,https://s3-us-west-1.amazonaws.com/airdnd98/photos/pic_387.png,5
39,abiding few fierce faded historical willing massive adaptable tedious,https://s3-us-west-1.amazonaws.com/airdnd98/photos/pic_828.png,6
40,rambunctious good lackadaisical abashed difficult small defiant wet level,https://s3-us-west-1.amazonaws.com/airdnd98/photos/pic_129.png,6
41,polite many hushed astonishing pretty super bashful infamous,https://s3-us-west-1.amazonaws.com/airdnd98/photos/pic_283.png,6
42,questionable judicious equal flaky nice noxious brainy green grey grieving ill,https://s3-us-west-1.amazonaws.com/airdnd98/photos/pic_152.png,6
43,paltry profuse defiant responsible axiomatic,https://s3-us-west-1.amazonaws.com/airdnd98/photos/pic_076.png,6
44,unkempt stormy overconfident somber flat accessible innocent,https://s3-us-west-1.amazonaws.com/airdnd98/photos/pic_740.png,6
45,snobbish courageous warlike clumsy cumbersome puffy sordid,https://s3-us-west-1.amazonaws.com/airdnd98/photos/pic_314.png,6
46,spicy needy efficacious horrible silent abject agreeable false familiar famous,https://s3-us-west-1.amazonaws.com/airdnd98/photos/pic_497.png,6
47,homeless,https://s3-us-west-1.amazonaws.com/airdnd98/photos/pic_680.png,7
48,entertaining aboriginal blue tight imperfect abundant,https://s3-us-west-1.amazonaws.com/airdnd98/photos/pic_758.png,7
49,waiting ahead wistful uptight,https://s3-us-west-1.amazonaws.com/airdnd98/photos/pic_666.png,7
50,tasteless cruel abaft complex spurious hissing separate ahead squalid sulky,https://s3-us-west-1.amazonaws.com/airdnd98/photos/pic_570.png,7
51,messy snotty determined watery glamorous,https://s3-us-west-1.amazonaws.com/airdnd98/photos/pic_048.png,7
52,stimulating descriptive icky cumbersome,https://s3-us-west-1.amazonaws.com/airdnd98/photos/pic_409.png,7
53,assorted rude rightful noiseless ill-informed spotted receptive,https://s3-us-west-1.amazonaws.com/airdnd98/photos/pic_444.png,7
54,stiff curved old simple bashful,https://s3-us-west-1.amazonaws.com/airdnd98/photos/pic_316.png,7
55,mean psychedelic,https://s3-us-west-1.amazonaws.com/airdnd98/photos/pic_713.png,8
56,flowery vacuous many natural wrong puzzling necessary victorious,https://s3-us-west-1.amazonaws.com/airdnd98/photos/pic_807.png,8
57,nonstop poised premium,https://s3-us-west-1.amazonaws.com/airdnd98/photos/pic_493.png,8
58,ubiquitous penitent whispering red ill-fated mysterious outgoing creepy,https://s3-us-west-1.amazonaws.com/airdnd98/photos/pic_006.png,8
59,wiry tricky silent quick flaky,https://s3-us-west-1.amazonaws.com/airdnd98/photos/pic_452.png,8
60,fancy humorous demonic,https://s3-us-west-1.amazonaws.com/airdnd98/photos/pic_056.png,8
61,satisfying,https://s3-us-west-1.amazonaws.com/airdnd98/photos/pic_118.png,8
62,encouraging receptive gleaming parallel royal unruly meaty open,https://s3-us-west-1.amazonaws.com/airdnd98/photos/pic_175.png,9
63,roomy plastic stingy unsightly puzzling deranged,https://s3-us-west-1.amazonaws.com/airdnd98/photos/pic_883.png,9
64,tasty,https://s3-us-west-1.amazonaws.com/airdnd98/photos/pic_520.png,9
65,white wet fast childlike unwieldy deadpan ritzy noisy vigorous angry,https://s3-us-west-1.amazonaws.com/airdnd98/photos/pic_982.png,9
66,super abashed ugliest handsomely testy malicious,https://s3-us-west-1.amazonaws.com/airdnd98/photos/pic_718.png,9
67,ratty overconfident tedious mixed,https://s3-us-west-1.amazonaws.com/airdnd98/photos/pic_508.png,9
68,cowardly threatening messy slim square,https://s3-us-west-1.amazonaws.com/airdnd98/photos/pic_060.png,10
69,brainy amazing powerful zonked ready keen devilish,https://s3-us-west-1.amazonaws.com/airdnd98/photos/pic_508.png,10
70,ethereal unwieldy,https://s3-us-west-1.amazonaws.com/airdnd98/photos/pic_976.png,10
71,subdued poor motionless high-pitched merciful shivering heady,https://s3-us-west-1.amazonaws.com/airdnd98/photos/pic_550.png,10
72,steep neat psychotic aware bored wasteful toothsome rough,https://s3-us-west-1.amazonaws.com/airdnd98/photos/pic_073.png,11
73,common serious spectacular thinkable obscene,https://s3-us-west-1.amazonaws.com/airdnd98/photos/pic_896.png,11
74,nauseating late tart nappy drab ambitious living ugliest,https://s3-us-west-1.amazonaws.com/airdnd98/photos/pic_043.png,11
75,optimal barbarous attractive ambitious righteous thinkable strange deranged elastic future futuristic,https://s3-us-west-1.amazonaws.com/airdnd98/photos/pic_238.png,11
76,near lame,https://s3-us-west-1.amazonaws.com/airdnd98/photos/pic_437.png,11
77,incompetent wiry,https://s3-us-west-1.amazonaws.com/airdnd98/photos/pic_741.png,11
78,decisive ad,https://s3-us-west-1.amazonaws.com/airdnd98/photos/pic_075.png,11
79,perpetual glossy tacky tawdry scarce conscious meaty guarded early wiry,https://s3-us-west-1.amazonaws.com/airdnd98/photos/pic_337.png,11
80,thirsty irritating ragged,https://s3-us-west-1.amazonaws.com/airdnd98/photos/pic_249.png,12
81,knowledgeable dusty pointless quizzical reflective,https://s3-us-west-1.amazonaws.com/airdnd98/photos/pic_875.png,12
82,majestic needless second-hand drunk regular workable,https://s3-us-west-1.amazonaws.com/airdnd98/photos/pic_837.png,12
83,uptight safe aberrant secretive puffy breakable plucky,https://s3-us-west-1.amazonaws.com/airdnd98/photos/pic_966.png,12
84,worried lively,https://s3-us-west-1.amazonaws.com/airdnd98/photos/pic_148.png,12
85,inquisitive demonic tall burly oval faithful spurious,https://s3-us-west-1.amazonaws.com/airdnd98/photos/pic_982.png,12
86,supreme future futuristic faded impartial  fretful,https://s3-us-west-1.amazonaws.com/airdnd98/photos/pic_150.png,12
87,legal penitent obese,https://s3-us-west-1.amazonaws.com/airdnd98/photos/pic_390.png,12
88,hanging jaded obeisant goofy scarce responsible descriptive disgusting gullible gusty,https://s3-us-west-1.amazonaws.com/airdnd98/photos/pic_913.png,12
89,violent nebulous modern,https://s3-us-west-1.amazonaws.com/airdnd98/photos/pic_104.png,13
90,oval closed friendly wacky omniscient quack abrasive nifty forgetful,https://s3-us-west-1.amazonaws.com/airdnd98/photos/pic_432.png,13
91,purring acceptable earsplitting,https://s3-us-west-1.amazonaws.com/airdnd98/photos/pic_747.png,13
92,zealous unhealthy raspy frantic dull  far-flung near,https://s3-us-west-1.amazonaws.com/airdnd98/photos/pic_492.png,13
93,adventurous filthy,https://s3-us-west-1.amazonaws.com/airdnd98/photos/pic_586.png,13
94,parallel hypnotic sedate,https://s3-us-west-1.amazonaws.com/airdnd98/photos/pic_283.png,13
95,rambunctious high-pitched wicked,https://s3-us-west-1.amazonaws.com/airdnd98/photos/pic_509.png,13
96,fearful fearless soft defective available illustrious,https://s3-us-west-1.amazonaws.com/airdnd98/photos/pic_709.png,14
97,nasty subdued rough simplistic harsh eminent,https://s3-us-west-1.amazonaws.com/airdnd98/photos/pic_235.png,14
98,spotty unusual cumbersome aquatic tasty insidious sable thundering,https://s3-us-west-1.amazonaws.com/airdnd98/photos/pic_522.png,14
99,aback wandering,https://s3-us-west-1.amazonaws.com/airdnd98/photos/pic_602.png,14
100,tremendous ethereal zesty clean wretched macabre aspiring spiky,https://s3-us-west-1.amazonaws.com/airdnd98/photos/pic_664.png,14
101,superb expensive cloistered chief woebegone interesting,https://s3-us-west-1.amazonaws.com/airdnd98/photos/pic_757.png,14
102,painful,https://s3-us-west-1.amazonaws.com/airdnd98/photos/pic_388.png,14
103,witty future futuristic,https://s3-us-west-1.amazonaws.com/airdnd98/photos/pic_769.png,14
104,bashful amuck hard,https://s3-us-west-1.amazonaws.com/airdnd98/photos/pic_949.png,14
105,painstaking dull wrong,https://s3-us-west-1.amazonaws.com/airdnd98/photos/pic_150.png,15
106,highfalutin,https://s3-us-west-1.amazonaws.com/airdnd98/photos/pic_310.png,15
107,inexpensive tangy elfin important willing intelligent level scandalous handy romantic,https://s3-us-west-1.amazonaws.com/airdnd98/photos/pic_983.png,15
108,obeisant round noiseless separate deep assorted jumpy empty,https://s3-us-west-1.amazonaws.com/airdnd98/photos/pic_231.png,15
109,nappy many,https://s3-us-west-1.amazonaws.com/airdnd98/photos/pic_337.png,15
110,unhealthy rambunctious zonked medical merciful rabid callous majestic gleaming equal,https://s3-us-west-1.amazonaws.com/airdnd98/photos/pic_774.png,15
111,maniacal forgetful pricey vast incredible colorful stormy,https://s3-us-west-1.amazonaws.com/airdnd98/photos/pic_243.png,15
112,grandiose disgusting,https://s3-us-west-1.amazonaws.com/airdnd98/photos/pic_845.png,15
113,motionless wiggly busy scrawny plastic blue-eyed,https://s3-us-west-1.amazonaws.com/airdnd98/photos/pic_494.png,16
114,pastoral amuck alive watery trite dashing,https://s3-us-west-1.amazonaws.com/airdnd98/photos/pic_662.png,16
115,gainful cumbersome absurd goofy panoramic paltry stimulating known,https://s3-us-west-1.amazonaws.com/airdnd98/photos/pic_098.png,16
116,wistful rude unequal,https://s3-us-west-1.amazonaws.com/airdnd98/photos/pic_449.png,16
117,sad feeble feigned evasive repulsive abiding terrific natural red loutish volatile,https://s3-us-west-1.amazonaws.com/airdnd98/photos/pic_736.png,16
118,shut stupendous billowy,https://s3-us-west-1.amazonaws.com/airdnd98/photos/pic_243.png,16
119,auspicious melodic diligent married magical,https://s3-us-west-1.amazonaws.com/airdnd98/photos/pic_244.png,16
120,filthy wrathful glamorous,https://s3-us-west-1.amazonaws.com/airdnd98/photos/pic_305.png,16
121,threatening friendly domineering unable daily near,https://s3-us-west-1.amazonaws.com/airdnd98/photos/pic_548.png,16
122,onerous bizarre oceanic naive juvenile calm cuddly friendly macabre,https://s3-us-west-1.amazonaws.com/airdnd98/photos/pic_996.png,17
123,sloppy relieved therapeutic beautiful long alleged icy merciful encouraging quirky,https://s3-us-west-1.amazonaws.com/airdnd98/photos/pic_143.png,17
124,colorful safe earthy zany abrupt,https://s3-us-west-1.amazonaws.com/airdnd98/photos/pic_454.png,17
125,rough late calculating special wasteful ancient beautiful barbarous dear,https://s3-us-west-1.amazonaws.com/airdnd98/photos/pic_385.png,17
126,careful redundant piquant aromatic rapid special,https://s3-us-west-1.amazonaws.com/airdnd98/photos/pic_122.png,17
127,hideous high godly temporary like,https://s3-us-west-1.amazonaws.com/airdnd98/photos/pic_690.png,17
128,obnoxious outgoing ill-fated condemned disturbed squealing dreary,https://s3-us-west-1.amazonaws.com/airdnd98/photos/pic_714.png,18
129,bouncy vacuous,https://s3-us-west-1.amazonaws.com/airdnd98/photos/pic_658.png,18
130,annoying roasted pale useless troubled expensive,https://s3-us-west-1.amazonaws.com/airdnd98/photos/pic_555.png,18
131,selective wealthy elated naughty,https://s3-us-west-1.amazonaws.com/airdnd98/photos/pic_987.png,18
132,roasted thick spicy rude complex plastic zonked,https://s3-us-west-1.amazonaws.com/airdnd98/photos/pic_131.png,19
133,hysterical,https://s3-us-west-1.amazonaws.com/airdnd98/photos/pic_625.png,19
134,disillusioned nonstop whimsical deserted overjoyed,https://s3-us-west-1.amazonaws.com/airdnd98/photos/pic_897.png,19
135,dashing eatable handy,https://s3-us-west-1.amazonaws.com/airdnd98/photos/pic_867.png,19
136,aloof boring depressed lively demonic useful sore,https://s3-us-west-1.amazonaws.com/airdnd98/photos/pic_315.png,20
137,noxious sable brawny military parched aberrant noiseless broad,https://s3-us-west-1.amazonaws.com/airdnd98/photos/pic_968.png,20
138,flowery halting military coherent,https://s3-us-west-1.amazonaws.com/airdnd98/photos/pic_862.png,20
139,jazzy nervous ill,https://s3-us-west-1.amazonaws.com/airdnd98/photos/pic_719.png,20
140,acoustic courageous hospitable sable rude nonstop naive rambunctious,https://s3-us-west-1.amazonaws.com/airdnd98/photos/pic_171.png,20
141,typical pumped polite,https://s3-us-west-1.amazonaws.com/airdnd98/photos/pic_798.png,20
142,abstracted secret comfortable adventurous nutritious reflective ripe,https://s3-us-west-1.amazonaws.com/airdnd98/photos/pic_272.png,20
143,groovy ajar nosy ruddy null damaged lame harsh wanting steadfast,https://s3-us-west-1.amazonaws.com/airdnd98/photos/pic_872.png,20
144,supreme garrulous true fragile whimsical interesting plastic protective,https://s3-us-west-1.amazonaws.com/airdnd98/photos/pic_403.png,20
145,womanly penitent determined frightened frightening full fumbling functional squeamish deranged,https://s3-us-west-1.amazonaws.com/airdnd98/photos/pic_453.png,20
146,tested absurd merciful joyous fearful fearless smiling arrogant immense kindly troubled,https://s3-us-west-1.amazonaws.com/airdnd98/photos/pic_377.png,21
147,present romantic immense,https://s3-us-west-1.amazonaws.com/airdnd98/photos/pic_563.png,21
148,dazzling,https://s3-us-west-1.amazonaws.com/airdnd98/photos/pic_364.png,21
149,unnatural mountainous magenta dirty wild oceanic,https://s3-us-west-1.amazonaws.com/airdnd98/photos/pic_017.png,21
150,tall lazy fortunate awful poor black stimulating typical,https://s3-us-west-1.amazonaws.com/airdnd98/photos/pic_576.png,21
151,truculent instinctive vague wrathful yummy hysterical enthusiastic somber early debonair,https://s3-us-west-1.amazonaws.com/airdnd98/photos/pic_658.png,21
152,devilish elastic furry furtive unknown historical hungry ancient three certain,https://s3-us-west-1.amazonaws.com/airdnd98/photos/pic_825.png,21
153,nauseating classy actually wary ugly lush,https://s3-us-west-1.amazonaws.com/airdnd98/photos/pic_609.png,21
154,separate shaggy easy sharp hanging,https://s3-us-west-1.amazonaws.com/airdnd98/photos/pic_661.png,21
155,demonic handy jobless substantial tasty waggish difficult tawdry,https://s3-us-west-1.amazonaws.com/airdnd98/photos/pic_380.png,21
156,selfish cold,https://s3-us-west-1.amazonaws.com/airdnd98/photos/pic_774.png,22
157,living,https://s3-us-west-1.amazonaws.com/airdnd98/photos/pic_383.png,22
158,ragged abaft blue adventurous misty fearful fearless bite-sized voracious,https://s3-us-west-1.amazonaws.com/airdnd98/photos/pic_459.png,22
159,enchanted ambiguous hoc third sleepy hard colossal honorable homeless enchanting,https://s3-us-west-1.amazonaws.com/airdnd98/photos/pic_097.png,22
160,misty damp painful efficacious nifty bright dirty irritating uppity smelly,https://s3-us-west-1.amazonaws.com/airdnd98/photos/pic_765.png,22
161,hospitable absorbing bright needless poor,https://s3-us-west-1.amazonaws.com/airdnd98/photos/pic_696.png,22
162,past gullible gusty piquant private tenuous laughable,https://s3-us-west-1.amazonaws.com/airdnd98/photos/pic_1000.png,22
163,helpful amused dark immense truthful,https://s3-us-west-1.amazonaws.com/airdnd98/photos/pic_517.png,22
164,ill,https://s3-us-west-1.amazonaws.com/airdnd98/photos/pic_570.png,22
165,maddening disillusioned hysterical grubby gruesome spotless,https://s3-us-west-1.amazonaws.com/airdnd98/photos/pic_510.png,22
166,hungry jolly good careless watery sweet,https://s3-us-west-1.amazonaws.com/airdnd98/photos/pic_677.png,23
167,soggy hateful disgusting doubtful defiant,https://s3-us-west-1.amazonaws.com/airdnd98/photos/pic_940.png,23
168,discreet educated wiry slippery confused dysfunctional old rampant filthy busy,https://s3-us-west-1.amazonaws.com/airdnd98/photos/pic_534.png,23
169,alluring wistful energetic ragged,https://s3-us-west-1.amazonaws.com/airdnd98/photos/pic_209.png,23
170,crowded flimsy auspicious angry noxious placid faded spiritual quirky,https://s3-us-west-1.amazonaws.com/airdnd98/photos/pic_843.png,23
171,resonant lively flashy smart sulky obnoxious absorbing null,https://s3-us-west-1.amazonaws.com/airdnd98/photos/pic_493.png,23
172,hallowed careful thin,https://s3-us-west-1.amazonaws.com/airdnd98/photos/pic_704.png,23
173,ultra  fascinated,https://s3-us-west-1.amazonaws.com/airdnd98/photos/pic_739.png,23
174,gullible gusty sturdy obeisant many,https://s3-us-west-1.amazonaws.com/airdnd98/photos/pic_562.png,23
175,unnatural childlike understood talented,https://s3-us-west-1.amazonaws.com/airdnd98/photos/pic_863.png,24
176,forgetful childlike wandering cruel valuable tearful,https://s3-us-west-1.amazonaws.com/airdnd98/photos/pic_662.png,24
177,amazing important,https://s3-us-west-1.amazonaws.com/airdnd98/photos/pic_725.png,24
178,therapeutic fearful fearless halting abrasive,https://s3-us-west-1.amazonaws.com/airdnd98/photos/pic_850.png,24
179,spiteful rabid,https://s3-us-west-1.amazonaws.com/airdnd98/photos/pic_782.png,24
180,empty helpless late  five unbiased incandescent mindless,https://s3-us-west-1.amazonaws.com/airdnd98/photos/pic_518.png,24
181,chivalrous abject delicious equable dynamic annoying puzzled,https://s3-us-west-1.amazonaws.com/airdnd98/photos/pic_378.png,25
182,uneven grouchy,https://s3-us-west-1.amazonaws.com/airdnd98/photos/pic_580.png,25
183,chivalrous lethal ill bite-sized,https://s3-us-west-1.amazonaws.com/airdnd98/photos/pic_710.png,25
184,harsh absorbed descriptive omniscient psychedelic irate fanatical bitter eager,https://s3-us-west-1.amazonaws.com/airdnd98/photos/pic_455.png,25
185,shaggy roomy plant  alert malicious,https://s3-us-west-1.amazonaws.com/airdnd98/photos/pic_192.png,26
186,bright verdant jittery merciful comfortable,https://s3-us-west-1.amazonaws.com/airdnd98/photos/pic_622.png,26
187,tiny drunk,https://s3-us-west-1.amazonaws.com/airdnd98/photos/pic_193.png,26
188,filthy resolute,https://s3-us-west-1.amazonaws.com/airdnd98/photos/pic_877.png,26
189,goofy rustic hot huge lowly ruddy,https://s3-us-west-1.amazonaws.com/airdnd98/photos/pic_390.png,27
190,cruel,https://s3-us-west-1.amazonaws.com/airdnd98/photos/pic_471.png,27
191,abhorrent premium imminent messy annoyed festive typical orange pretty incredible,https://s3-us-west-1.amazonaws.com/airdnd98/photos/pic_473.png,27
192,careful humdrum cut ludicrous rough boundless awful literate broken beneficial,https://s3-us-west-1.amazonaws.com/airdnd98/photos/pic_089.png,27
193,premium romantic,https://s3-us-west-1.amazonaws.com/airdnd98/photos/pic_299.png,27
194,maniacal vast obtainable detailed maddening same,https://s3-us-west-1.amazonaws.com/airdnd98/photos/pic_759.png,27
195,silly recondite tough natural rampant mean faint fair,https://s3-us-west-1.amazonaws.com/airdnd98/photos/pic_801.png,28
196,rebel venomous organic hurried,https://s3-us-west-1.amazonaws.com/airdnd98/photos/pic_684.png,28
197,mysterious snotty light woozy tricky lyrical tiny abaft,https://s3-us-west-1.amazonaws.com/airdnd98/photos/pic_278.png,28
198,smooth  tearful innate distinct afraid,https://s3-us-west-1.amazonaws.com/airdnd98/photos/pic_026.png,28
199,furry furtive clever receptive voracious,https://s3-us-west-1.amazonaws.com/airdnd98/photos/pic_054.png,28
200,mere obnoxious synonymous skinny beautiful itchy gorgeous exultant nappy,https://s3-us-west-1.amazonaws.com/airdnd98/photos/pic_557.png,29
201,various loutish fancy fine majestic living noisy hard-to-find physical low,https://s3-us-west-1.amazonaws.com/airdnd98/photos/pic_943.png,29
202,colossal two overt powerful poised,https://s3-us-west-1.amazonaws.com/airdnd98/photos/pic_274.png,29
203,gainful yummy petite bouncy disillusioned sudden inquisitive doubtful piquant juicy,https://s3-us-west-1.amazonaws.com/airdnd98/photos/pic_870.png,29
204,grandiose overconfident,https://s3-us-west-1.amazonaws.com/airdnd98/photos/pic_108.png,29
205,sophisticated male strange,https://s3-us-west-1.amazonaws.com/airdnd98/photos/pic_735.png,30
206,thoughtful oafish barbarous pink fortunate unnatural hard proud scandalous,https://s3-us-west-1.amazonaws.com/airdnd98/photos/pic_774.png,30
207,squeamish,https://s3-us-west-1.amazonaws.com/airdnd98/photos/pic_518.png,30
208,telling homeless brawny scientific discreet shallow,https://s3-us-west-1.amazonaws.com/airdnd98/photos/pic_307.png,30
209,agonizing,https://s3-us-west-1.amazonaws.com/airdnd98/photos/pic_611.png,30
210,obsequious alert white sad cloistered busy animated mature bitter orange,https://s3-us-west-1.amazonaws.com/airdnd98/photos/pic_445.png,30
211,untidy  far-flung comfortable remarkable,https://s3-us-west-1.amazonaws.com/airdnd98/photos/pic_864.png,30
212,stormy rotten cruel cuddly poor misty envious disillusioned sudden material,https://s3-us-west-1.amazonaws.com/airdnd98/photos/pic_107.png,30
213,sordid amused outrageous,https://s3-us-west-1.amazonaws.com/airdnd98/photos/pic_881.png,30
214,heavenly heavy hellish sweet painful tasteful,https://s3-us-west-1.amazonaws.com/airdnd98/photos/pic_771.png,31
215,doubtful,https://s3-us-west-1.amazonaws.com/airdnd98/photos/pic_366.png,31
216,disastrous screeching  fretful barbarous ugliest miscreant statuesque,https://s3-us-west-1.amazonaws.com/airdnd98/photos/pic_459.png,31
217,entertaining rebel poor nondescript smoggy shocking parallel soft cheerful,https://s3-us-west-1.amazonaws.com/airdnd98/photos/pic_458.png,31
218,silly zonked homeless boundless medical jolly white cloudy yielding nebulous,https://s3-us-west-1.amazonaws.com/airdnd98/photos/pic_772.png,31
219,nondescript smelly wasteful elite slim,https://s3-us-west-1.amazonaws.com/airdnd98/photos/pic_405.png,32
220,capricious gullible gusty lewd overwrought,https://s3-us-west-1.amazonaws.com/airdnd98/photos/pic_995.png,32
221,luxuriant steep automatic kindhearted,https://s3-us-west-1.amazonaws.com/airdnd98/photos/pic_511.png,32
222,vengeful cruel panoramic alert cheap equal elegant workable moldy dapper,https://s3-us-west-1.amazonaws.com/airdnd98/photos/pic_864.png,32
223,lovely loose grubby gruesome swift parsimonious,https://s3-us-west-1.amazonaws.com/airdnd98/photos/pic_902.png,32
224,descriptive extra-large extra-small exuberant automatic,https://s3-us-west-1.amazonaws.com/airdnd98/photos/pic_890.png,32
225,berserk extra-large extra-small exuberant acid,https://s3-us-west-1.amazonaws.com/airdnd98/photos/pic_382.png,32
226,acid direful boundless nonstop tacky statuesque,https://s3-us-west-1.amazonaws.com/airdnd98/photos/pic_673.png,32
227,used ambiguous,https://s3-us-west-1.amazonaws.com/airdnd98/photos/pic_230.png,32
228,political majestic alleged enormous unkempt maddening ragged wealthy,https://s3-us-west-1.amazonaws.com/airdnd98/photos/pic_707.png,33
229,mushy,https://s3-us-west-1.amazonaws.com/airdnd98/photos/pic_302.png,33
230,hot huge boiling,https://s3-us-west-1.amazonaws.com/airdnd98/photos/pic_360.png,33
231,abounding apathetic faint fair safe ad aboriginal,https://s3-us-west-1.amazonaws.com/airdnd98/photos/pic_368.png,33
232,dull,https://s3-us-west-1.amazonaws.com/airdnd98/photos/pic_342.png,33
233,lamentable witty waggish cool scary rare  joyous,https://s3-us-west-1.amazonaws.com/airdnd98/photos/pic_831.png,33
234,merciful bad lacking,https://s3-us-west-1.amazonaws.com/airdnd98/photos/pic_986.png,33
235,abrasive serious easy ready large unruly equable nutritious,https://s3-us-west-1.amazonaws.com/airdnd98/photos/pic_658.png,33
236,untidy outstanding macho,https://s3-us-west-1.amazonaws.com/airdnd98/photos/pic_891.png,34
237,amuck offbeat,https://s3-us-west-1.amazonaws.com/airdnd98/photos/pic_555.png,34
238,erect quaint trite bad awesome chunky,https://s3-us-west-1.amazonaws.com/airdnd98/photos/pic_162.png,34
239,windy erect possible,https://s3-us-west-1.amazonaws.com/airdnd98/photos/pic_120.png,34
240,productive gigantic quirky fluttering irate numerous creepy tame,https://s3-us-west-1.amazonaws.com/airdnd98/photos/pic_497.png,34
241,whole plausible possible,https://s3-us-west-1.amazonaws.com/airdnd98/photos/pic_573.png,34
242,redundant mysterious best unruly marvelous icky ultra,https://s3-us-west-1.amazonaws.com/airdnd98/photos/pic_317.png,34
243,alleged petite languid nice brainy large unruly,https://s3-us-west-1.amazonaws.com/airdnd98/photos/pic_018.png,35
244,worthless brainy,https://s3-us-west-1.amazonaws.com/airdnd98/photos/pic_501.png,35
245,guiltless old soggy open jaded thundering,https://s3-us-west-1.amazonaws.com/airdnd98/photos/pic_791.png,35
246,acid comfortable like cowardly poor innocent  flippant married difficult resonant,https://s3-us-west-1.amazonaws.com/airdnd98/photos/pic_423.png,35
247,internal wiggly wasteful erratic kind silly mean known steady,https://s3-us-west-1.amazonaws.com/airdnd98/photos/pic_571.png,35
248,pricey labored abhorrent hypnotic jumpy naive frantic dapper vagabond material,https://s3-us-west-1.amazonaws.com/airdnd98/photos/pic_928.png,36
249,pastoral,https://s3-us-west-1.amazonaws.com/airdnd98/photos/pic_544.png,36
250,marked spiteful befitting irate sincere finicky modern,https://s3-us-west-1.amazonaws.com/airdnd98/photos/pic_132.png,36
251,closed incandescent womanly incredible ad earthy special kaput better abrupt,https://s3-us-west-1.amazonaws.com/airdnd98/photos/pic_493.png,36
252,charming scared weak dirty hulking pretty,https://s3-us-west-1.amazonaws.com/airdnd98/photos/pic_159.png,36
253,acoustic cultured colorful brown ruthless teeny-tiny,https://s3-us-west-1.amazonaws.com/airdnd98/photos/pic_256.png,36
254,green grey grieving demonic puzzled festive smoggy flawless sincere alluring poor mysterious,https://s3-us-west-1.amazonaws.com/airdnd98/photos/pic_296.png,36
255,absorbed  frequent,https://s3-us-west-1.amazonaws.com/airdnd98/photos/pic_227.png,36
256,tame watery absurd dependent careful odd,https://s3-us-west-1.amazonaws.com/airdnd98/photos/pic_982.png,36
257,serious expensive humorous stimulating stingy flowery fragile expensive,https://s3-us-west-1.amazonaws.com/airdnd98/photos/pic_510.png,37
258,luxuriant upbeat picayune living,https://s3-us-west-1.amazonaws.com/airdnd98/photos/pic_639.png,37
259,painstaking brief lovely madly wide-eyed weak unruly angry alert demonic,https://s3-us-west-1.amazonaws.com/airdnd98/photos/pic_1000.png,37
260,muddled nine,https://s3-us-west-1.amazonaws.com/airdnd98/photos/pic_734.png,37
261,safe,https://s3-us-west-1.amazonaws.com/airdnd98/photos/pic_717.png,37
262,second,https://s3-us-west-1.amazonaws.com/airdnd98/photos/pic_190.png,37
263,astonishing rabid talented disillusioned  frequent unbiased different diligent nosy,https://s3-us-west-1.amazonaws.com/airdnd98/photos/pic_843.png,37
264,blue-eyed jazzy rabid empty bite-sized melted quickest draconian sore,https://s3-us-west-1.amazonaws.com/airdnd98/photos/pic_874.png,38
265,woozy slow cowardly stimulating well-off concerned careless pastoral jumpy zonked,https://s3-us-west-1.amazonaws.com/airdnd98/photos/pic_134.png,38
266,little naughty abhorrent loutish regular obedient,https://s3-us-west-1.amazonaws.com/airdnd98/photos/pic_283.png,38
267,white,https://s3-us-west-1.amazonaws.com/airdnd98/photos/pic_543.png,38
268,vagabond ritzy accurate cold,https://s3-us-west-1.amazonaws.com/airdnd98/photos/pic_070.png,38
269,macho acceptable adhesive,https://s3-us-west-1.amazonaws.com/airdnd98/photos/pic_958.png,38
270,ill awful maniacal finicky curvy murky,https://s3-us-west-1.amazonaws.com/airdnd98/photos/pic_467.png,38
271,unequal  fresh dashing dapper cooing kind material hideous high,https://s3-us-west-1.amazonaws.com/airdnd98/photos/pic_785.png,38
272,good naughty daffy defiant scientific swift magical,https://s3-us-west-1.amazonaws.com/airdnd98/photos/pic_736.png,38
273,nimble animated versed even excellent excited shut cold gleaming,https://s3-us-west-1.amazonaws.com/airdnd98/photos/pic_231.png,39
274,ahead unused hallowed precious miscreant,https://s3-us-west-1.amazonaws.com/airdnd98/photos/pic_336.png,39
275,jobless beneficial majestic curved verdant acid troubled thick sweet,https://s3-us-west-1.amazonaws.com/airdnd98/photos/pic_788.png,39
276,future futuristic shivering dramatic,https://s3-us-west-1.amazonaws.com/airdnd98/photos/pic_978.png,39
277,opposite raspy dapper motionless placid narrow,https://s3-us-west-1.amazonaws.com/airdnd98/photos/pic_314.png,39
278,illegal,https://s3-us-west-1.amazonaws.com/airdnd98/photos/pic_446.png,39
279,wooden depressed,https://s3-us-west-1.amazonaws.com/airdnd98/photos/pic_540.png,39
280,second unused brash charming lucky,https://s3-us-west-1.amazonaws.com/airdnd98/photos/pic_969.png,39
281,spotless humdrum miscreant robust intelligent adaptable,https://s3-us-west-1.amazonaws.com/airdnd98/photos/pic_596.png,40
282,kind hysterical awesome ruddy well-off jumbled warm hurried,https://s3-us-west-1.amazonaws.com/airdnd98/photos/pic_243.png,40
283,calculating parsimonious hanging,https://s3-us-west-1.amazonaws.com/airdnd98/photos/pic_334.png,40
284,tangy,https://s3-us-west-1.amazonaws.com/airdnd98/photos/pic_011.png,40
285,handy dispensable ruthless guarded staking makeshift,https://s3-us-west-1.amazonaws.com/airdnd98/photos/pic_636.png,41
286,doubtful bashful natural military cloudy parsimonious,https://s3-us-west-1.amazonaws.com/airdnd98/photos/pic_642.png,41
287,lazy versed chunky smelly vigorous  fixed hulking impossible better,https://s3-us-west-1.amazonaws.com/airdnd98/photos/pic_693.png,41
288,uttermost wrong naive cute worthless wanting purple,https://s3-us-west-1.amazonaws.com/airdnd98/photos/pic_405.png,41
289,moaning electric abundant hypnotic paltry angry cagey automatic empty,https://s3-us-west-1.amazonaws.com/airdnd98/photos/pic_365.png,41
290,skinny,https://s3-us-west-1.amazonaws.com/airdnd98/photos/pic_671.png,41
291,savory graceful squeamish vast humdrum demonic,https://s3-us-west-1.amazonaws.com/airdnd98/photos/pic_477.png,42
292,nonchalant good embarrassed square hanging ambitious breakable,https://s3-us-west-1.amazonaws.com/airdnd98/photos/pic_386.png,42
293,general gentle lame,https://s3-us-west-1.amazonaws.com/airdnd98/photos/pic_982.png,42
294,half,https://s3-us-west-1.amazonaws.com/airdnd98/photos/pic_590.png,42
295,quiet hurried scrawny macho squeamish homely,https://s3-us-west-1.amazonaws.com/airdnd98/photos/pic_706.png,42
296,oval garrulous rambunctious obscene,https://s3-us-west-1.amazonaws.com/airdnd98/photos/pic_443.png,42
297,workable legal rainy cheerful boiling clumsy comfortable chilly,https://s3-us-west-1.amazonaws.com/airdnd98/photos/pic_516.png,42
298,ethereal somber flaky fabulous cloistered nimble electric physical,https://s3-us-west-1.amazonaws.com/airdnd98/photos/pic_862.png,42
299,wretched imminent ordinary,https://s3-us-west-1.amazonaws.com/airdnd98/photos/pic_079.png,42
300,best puny secret smelly misty noisy tested guttural H habitual strange perpetual,https://s3-us-west-1.amazonaws.com/airdnd98/photos/pic_350.png,43
301,second dead swift pricey,https://s3-us-west-1.amazonaws.com/airdnd98/photos/pic_507.png,43
302,unwritten violent funny silly mean rustic ossified acid,https://s3-us-west-1.amazonaws.com/airdnd98/photos/pic_232.png,43
303,nebulous fanatical aware chemical abandoned supreme faint fair,https://s3-us-west-1.amazonaws.com/airdnd98/photos/pic_345.png,43
304,spiteful tired capricious clear rustic,https://s3-us-west-1.amazonaws.com/airdnd98/photos/pic_167.png,43
305,light neighborly eager,https://s3-us-west-1.amazonaws.com/airdnd98/photos/pic_859.png,43
306,cautious,https://s3-us-west-1.amazonaws.com/airdnd98/photos/pic_653.png,43
307,strange,https://s3-us-west-1.amazonaws.com/airdnd98/photos/pic_676.png,44
308,unkempt noisy probable wide-eyed enthusiastic materialistic vague uptight faint fair free,https://s3-us-west-1.amazonaws.com/airdnd98/photos/pic_619.png,44
309,political womanly hollow fat faulty precious  fascinated deep prickly tame,https://s3-us-west-1.amazonaws.com/airdnd98/photos/pic_828.png,44
310,cloudy idiotic teeny eight oceanic educated spurious conscious,https://s3-us-west-1.amazonaws.com/airdnd98/photos/pic_676.png,44
311,ultra violet near second-hand awful,https://s3-us-west-1.amazonaws.com/airdnd98/photos/pic_456.png,44
312,ill mellow alcoholic living,https://s3-us-west-1.amazonaws.com/airdnd98/photos/pic_121.png,45
313,ancient lethal nine physical disillusioned,https://s3-us-west-1.amazonaws.com/airdnd98/photos/pic_036.png,45
314,fuzzy  dramatic,https://s3-us-west-1.amazonaws.com/airdnd98/photos/pic_505.png,45
315,square,https://s3-us-west-1.amazonaws.com/airdnd98/photos/pic_093.png,45
316,mere squeamish ill-informed numberless classy super unnatural,https://s3-us-west-1.amazonaws.com/airdnd98/photos/pic_975.png,45
317,damp military spiky insidious parsimonious magical daffy abaft,https://s3-us-west-1.amazonaws.com/airdnd98/photos/pic_680.png,45
318,detailed ajar shrill obscene,https://s3-us-west-1.amazonaws.com/airdnd98/photos/pic_237.png,45
319,marvelous absorbed jagged painful burly,https://s3-us-west-1.amazonaws.com/airdnd98/photos/pic_086.png,45
320,placid lonely ceaseless possessive absorbed lackadaisical numerous hard-to-find guarded,https://s3-us-west-1.amazonaws.com/airdnd98/photos/pic_609.png,45
321,moaning unaccountable brawny unhealthy,https://s3-us-west-1.amazonaws.com/airdnd98/photos/pic_374.png,46
322,handsomely lively  far-flung scientific mellow light,https://s3-us-west-1.amazonaws.com/airdnd98/photos/pic_686.png,46
323,terrific puzzling polite,https://s3-us-west-1.amazonaws.com/airdnd98/photos/pic_242.png,46
324,extra-large extra-small exuberant idiotic,https://s3-us-west-1.amazonaws.com/airdnd98/photos/pic_277.png,46
325,absurd sturdy better seemly racial wiggly limping,https://s3-us-west-1.amazonaws.com/airdnd98/photos/pic_315.png,47
326,nostalgic useless cluttered oceanic,https://s3-us-west-1.amazonaws.com/airdnd98/photos/pic_827.png,47
327,wiry creepy spectacular earthy marvelous gullible gusty tender tense cluttered hysterical,https://s3-us-west-1.amazonaws.com/airdnd98/photos/pic_855.png,47
328, five vacuous bewildered agreeable subsequent organic average bawdy,https://s3-us-west-1.amazonaws.com/airdnd98/photos/pic_414.png,47
329,ashamed,https://s3-us-west-1.amazonaws.com/airdnd98/photos/pic_060.png,47
330,bewildered  open hallowed obnoxious tawdry hurt rightful teeny ablaze,https://s3-us-west-1.amazonaws.com/airdnd98/photos/pic_438.png,47
331,honorable noxious,https://s3-us-west-1.amazonaws.com/airdnd98/photos/pic_365.png,47
332,frightened frightening full fumbling functional living third,https://s3-us-west-1.amazonaws.com/airdnd98/photos/pic_481.png,47
333,embarrassed smoggy uninterested rude temporary complete unhealthy null,https://s3-us-west-1.amazonaws.com/airdnd98/photos/pic_342.png,47
334,awake ill-fated spurious,https://s3-us-west-1.amazonaws.com/airdnd98/photos/pic_097.png,48
335,black-and-white whimsical unarmed,https://s3-us-west-1.amazonaws.com/airdnd98/photos/pic_320.png,48
336,languid skillful cluttered macabre shivering,https://s3-us-west-1.amazonaws.com/airdnd98/photos/pic_991.png,48
337,noisy juicy spectacular workable ambitious minor uptight,https://s3-us-west-1.amazonaws.com/airdnd98/photos/pic_012.png,48
338,squealing well-off narrow,https://s3-us-west-1.amazonaws.com/airdnd98/photos/pic_108.png,49
339,awesome ratty knotty murky tasty shy nebulous lean foolish capricious,https://s3-us-west-1.amazonaws.com/airdnd98/photos/pic_540.png,49
340,fortunate volatile glossy,https://s3-us-west-1.amazonaws.com/airdnd98/photos/pic_388.png,49
341,cold smiling swift abounding skillful near,https://s3-us-west-1.amazonaws.com/airdnd98/photos/pic_824.png,49
342,adaptable imminent piquant expensive elderly bite-sized psychotic receptive,https://s3-us-west-1.amazonaws.com/airdnd98/photos/pic_636.png,49
343,lonely beneficial long longing cute scarce neat,https://s3-us-west-1.amazonaws.com/airdnd98/photos/pic_129.png,49
344,bloody uncovered spiffy secretive concerned precious accidental tired cooperative,https://s3-us-west-1.amazonaws.com/airdnd98/photos/pic_563.png,49
345,redundant sloppy,https://s3-us-west-1.amazonaws.com/airdnd98/photos/pic_502.png,49
346,motionless bright earsplitting normal ambitious humdrum tasteless ugliest superb separate,https://s3-us-west-1.amazonaws.com/airdnd98/photos/pic_620.png,50
347,available oval giddy remarkable pricey closed,https://s3-us-west-1.amazonaws.com/airdnd98/photos/pic_553.png,50
348,loud,https://s3-us-west-1.amazonaws.com/airdnd98/photos/pic_490.png,50
349,hot huge economic nebulous stereotyped,https://s3-us-west-1.amazonaws.com/airdnd98/photos/pic_994.png,50
350,harmonious utter well-to-do erect lumpy,https://s3-us-west-1.amazonaws.com/airdnd98/photos/pic_529.png,50
351,unwieldy,https://s3-us-west-1.amazonaws.com/airdnd98/photos/pic_714.png,50
352,average,https://s3-us-west-1.amazonaws.com/airdnd98/photos/pic_876.png,50
353,talented weak accurate delicate embarrassed obnoxious ten devilish,https://s3-us-west-1.amazonaws.com/airdnd98/photos/pic_055.png,51
354,silent itchy dazzling second deranged amazing,https://s3-us-west-1.amazonaws.com/airdnd98/photos/pic_125.png,51
355,brave imaginary lively second unsightly super thirsty,https://s3-us-west-1.amazonaws.com/airdnd98/photos/pic_131.png,51
356,second earthy,https://s3-us-west-1.amazonaws.com/airdnd98/photos/pic_249.png,51
357,black-and-white spiritual special chilly tasteful,https://s3-us-west-1.amazonaws.com/airdnd98/photos/pic_414.png,52
358,glossy tested,https://s3-us-west-1.amazonaws.com/airdnd98/photos/pic_433.png,52
359,waiting lewd low fast recondite wasteful terrible,https://s3-us-west-1.amazonaws.com/airdnd98/photos/pic_740.png,52
360,mundane oval spicy immense likeable,https://s3-us-west-1.amazonaws.com/airdnd98/photos/pic_795.png,52
361,detailed alert fluttering idiotic nutty confused bad greedy rare,https://s3-us-west-1.amazonaws.com/airdnd98/photos/pic_769.png,52
362,creepy ugly grubby gruesome,https://s3-us-west-1.amazonaws.com/airdnd98/photos/pic_313.png,52
363,quizzical wandering teeny wet drab,https://s3-us-west-1.amazonaws.com/airdnd98/photos/pic_618.png,53
364,powerful,https://s3-us-west-1.amazonaws.com/airdnd98/photos/pic_028.png,53
365,meaty,https://s3-us-west-1.amazonaws.com/airdnd98/photos/pic_470.png,53
366,nice doubtful protective internal envious powerful,https://s3-us-west-1.amazonaws.com/airdnd98/photos/pic_633.png,53
367,chemical jaded outrageous humdrum voracious fine,https://s3-us-west-1.amazonaws.com/airdnd98/photos/pic_427.png,53
368,stupendous magical unbiased spotty bad calm,https://s3-us-west-1.amazonaws.com/airdnd98/photos/pic_207.png,53
369,super,https://s3-us-west-1.amazonaws.com/airdnd98/photos/pic_615.png,54
370,numerous unwieldy tacit,https://s3-us-west-1.amazonaws.com/airdnd98/photos/pic_280.png,54
371,screeching resolute supreme vast purple known needy,https://s3-us-west-1.amazonaws.com/airdnd98/photos/pic_968.png,54
372,actually,https://s3-us-west-1.amazonaws.com/airdnd98/photos/pic_774.png,54
373,magical boiling  flippant,https://s3-us-west-1.amazonaws.com/airdnd98/photos/pic_981.png,54
374,damaging various black hanging,https://s3-us-west-1.amazonaws.com/airdnd98/photos/pic_900.png,55
375,permissible ultra hissing seemly meaty fast,https://s3-us-west-1.amazonaws.com/airdnd98/photos/pic_181.png,55
376,dapper tightfisted ablaze,https://s3-us-west-1.amazonaws.com/airdnd98/photos/pic_577.png,55
377,resolute materialistic,https://s3-us-west-1.amazonaws.com/airdnd98/photos/pic_730.png,55
378,gleaming bloody hesitant,https://s3-us-west-1.amazonaws.com/airdnd98/photos/pic_269.png,55
379,wide,https://s3-us-west-1.amazonaws.com/airdnd98/photos/pic_281.png,55
380,spotless overwrought verdant savory magenta,https://s3-us-west-1.amazonaws.com/airdnd98/photos/pic_299.png,55
381,delightful slim disturbed half tired wooden,https://s3-us-west-1.amazonaws.com/airdnd98/photos/pic_847.png,56
382,quixotic erect mountainous towering,https://s3-us-west-1.amazonaws.com/airdnd98/photos/pic_086.png,56
383,sad alcoholic reflective endurable guarded troubled,https://s3-us-west-1.amazonaws.com/airdnd98/photos/pic_780.png,56
384,absent ablaze,https://s3-us-west-1.amazonaws.com/airdnd98/photos/pic_493.png,56
385,colossal halting hushed homeless busy yielding inconclusive,https://s3-us-west-1.amazonaws.com/airdnd98/photos/pic_513.png,56
386,tacit waiting plausible absent steep,https://s3-us-west-1.amazonaws.com/airdnd98/photos/pic_518.png,56
387,salty truthful profuse new,https://s3-us-west-1.amazonaws.com/airdnd98/photos/pic_721.png,56
388,aquatic pretty chilly ambiguous free spiffy lacking,https://s3-us-west-1.amazonaws.com/airdnd98/photos/pic_141.png,56
389,pumped,https://s3-us-west-1.amazonaws.com/airdnd98/photos/pic_465.png,56
390,ugly milky general gentle,https://s3-us-west-1.amazonaws.com/airdnd98/photos/pic_393.png,57
391,sulky messy lonely half,https://s3-us-west-1.amazonaws.com/airdnd98/photos/pic_814.png,57
392,sturdy youthful best homely,https://s3-us-west-1.amazonaws.com/airdnd98/photos/pic_374.png,57
393,accessible overrated zonked earthy fast judicious,https://s3-us-west-1.amazonaws.com/airdnd98/photos/pic_792.png,57
394,waiting woozy knowing tested careless cheerful unknown jumpy,https://s3-us-west-1.amazonaws.com/airdnd98/photos/pic_051.png,57
395,rightful,https://s3-us-west-1.amazonaws.com/airdnd98/photos/pic_324.png,57
396,tart female fertile whimsical devilish imminent,https://s3-us-west-1.amazonaws.com/airdnd98/photos/pic_623.png,57
397,homely gifted dashing brown important depressed messy,https://s3-us-west-1.amazonaws.com/airdnd98/photos/pic_544.png,57
398,untidy purring momentous  fascinated,https://s3-us-west-1.amazonaws.com/airdnd98/photos/pic_722.png,57
399,accurate sincere deranged,https://s3-us-west-1.amazonaws.com/airdnd98/photos/pic_108.png,58
400,aloof intelligent present healthy abhorrent brawny zonked responsible kindly,https://s3-us-west-1.amazonaws.com/airdnd98/photos/pic_320.png,58
401,needy hungry selfish abortive phobic secret fancy hapless,https://s3-us-west-1.amazonaws.com/airdnd98/photos/pic_976.png,58
402,recondite curly unwieldy terrible bizarre icky flawless flashy,https://s3-us-west-1.amazonaws.com/airdnd98/photos/pic_867.png,58
403,nervous invincible,https://s3-us-west-1.amazonaws.com/airdnd98/photos/pic_224.png,58
404,roasted sore apathetic funny innocent,https://s3-us-west-1.amazonaws.com/airdnd98/photos/pic_765.png,59
405,uppity jazzy,https://s3-us-west-1.amazonaws.com/airdnd98/photos/pic_784.png,59
406,burly conscious zealous paltry giddy classy,https://s3-us-west-1.amazonaws.com/airdnd98/photos/pic_872.png,59
407,imminent swanky scintillating tremendous,https://s3-us-west-1.amazonaws.com/airdnd98/photos/pic_685.png,59
408,workable fortunate fluffy labored,https://s3-us-west-1.amazonaws.com/airdnd98/photos/pic_259.png,59
409,obese elite late cultured lush optimal voracious thankful chivalrous,https://s3-us-west-1.amazonaws.com/airdnd98/photos/pic_110.png,59
410,electric unequaled,https://s3-us-west-1.amazonaws.com/airdnd98/photos/pic_817.png,59
411,tired narrow zonked abnormal laughable uncovered,https://s3-us-west-1.amazonaws.com/airdnd98/photos/pic_332.png,60
412,silent dangerous stereotyped scary adjoining near robust enormous workable,https://s3-us-west-1.amazonaws.com/airdnd98/photos/pic_719.png,60
413,unwritten verdant last grouchy hospitable unique divergent,https://s3-us-west-1.amazonaws.com/airdnd98/photos/pic_385.png,60
414,elegant aromatic juicy domineering illustrious condemned tricky blushing,https://s3-us-west-1.amazonaws.com/airdnd98/photos/pic_324.png,60
415,gorgeous elderly shocking bent,https://s3-us-west-1.amazonaws.com/airdnd98/photos/pic_265.png,60
416,royal wooden slippery,https://s3-us-west-1.amazonaws.com/airdnd98/photos/pic_580.png,60
417,earsplitting cheerful stormy zealous exultant handy,https://s3-us-west-1.amazonaws.com/airdnd98/photos/pic_035.png,61
418,pretty chemical responsible tedious voiceless,https://s3-us-west-1.amazonaws.com/airdnd98/photos/pic_997.png,61
419,blue-eyed powerful swift nice groovy misty deserted disastrous,https://s3-us-west-1.amazonaws.com/airdnd98/photos/pic_867.png,61
420,mushy sophisticated bloody wretched neighborly modern rich alleged bitter,https://s3-us-west-1.amazonaws.com/airdnd98/photos/pic_029.png,61
421,awake likeable fearful fearless absurd magnificent flat relieved,https://s3-us-west-1.amazonaws.com/airdnd98/photos/pic_429.png,61
422,bouncy general gentle temporary terrible glossy mature,https://s3-us-west-1.amazonaws.com/airdnd98/photos/pic_996.png,61
423,rotten distinct soft flimsy illegal scattered well-off silky mature ruthless,https://s3-us-west-1.amazonaws.com/airdnd98/photos/pic_164.png,62
424,economic sloppy vacuous absorbed unused exultant draconian ubiquitous lovely,https://s3-us-west-1.amazonaws.com/airdnd98/photos/pic_769.png,62
425,majestic sleepy glistening glorious rambunctious,https://s3-us-west-1.amazonaws.com/airdnd98/photos/pic_150.png,62
426,wiggly possessive,https://s3-us-west-1.amazonaws.com/airdnd98/photos/pic_635.png,62
427,tacit damaged extra-large extra-small exuberant stupendous arrogant ugly,https://s3-us-west-1.amazonaws.com/airdnd98/photos/pic_905.png,62
428,orange royal green grey grieving unwieldy,https://s3-us-west-1.amazonaws.com/airdnd98/photos/pic_200.png,62
429,deranged somber past near overwrought aware ajar,https://s3-us-west-1.amazonaws.com/airdnd98/photos/pic_782.png,62
430,careless smoggy lacking wise jumpy uneven cold wet miscreant idiotic,https://s3-us-west-1.amazonaws.com/airdnd98/photos/pic_635.png,63
431,perpetual four frail boring knowing knowledgeable needy muddled delicious,https://s3-us-west-1.amazonaws.com/airdnd98/photos/pic_968.png,63
432,ready torpid whimsical aboard tangible bad didactic selective,https://s3-us-west-1.amazonaws.com/airdnd98/photos/pic_621.png,63
433,draconian unequal utopian flowery silent,https://s3-us-west-1.amazonaws.com/airdnd98/photos/pic_118.png,63
434,melted mean nebulous,https://s3-us-west-1.amazonaws.com/airdnd98/photos/pic_069.png,63
435,mighty adhesive large perfect flat  flippant,https://s3-us-west-1.amazonaws.com/airdnd98/photos/pic_839.png,63
436,pretty wandering gainful loose crowded lethal strong foolish sleepy,https://s3-us-west-1.amazonaws.com/airdnd98/photos/pic_644.png,63
437,neat picayune blue-eyed smooth open hateful,https://s3-us-west-1.amazonaws.com/airdnd98/photos/pic_253.png,64
438,accessible closed icky noiseless,https://s3-us-west-1.amazonaws.com/airdnd98/photos/pic_116.png,64
439,boiling known hard-to-find mere feeble feigned right rabid,https://s3-us-west-1.amazonaws.com/airdnd98/photos/pic_375.png,64
440,elegant incredible,https://s3-us-west-1.amazonaws.com/airdnd98/photos/pic_551.png,64
441,yummy one careless happy previous nostalgic,https://s3-us-west-1.amazonaws.com/airdnd98/photos/pic_506.png,64
442, fixed,https://s3-us-west-1.amazonaws.com/airdnd98/photos/pic_266.png,64
443,four frail,https://s3-us-west-1.amazonaws.com/airdnd98/photos/pic_598.png,64
444,cute delirious scary defiant itchy yielding bite-sized steady broken,https://s3-us-west-1.amazonaws.com/airdnd98/photos/pic_167.png,64
445,humdrum abashed unique,https://s3-us-west-1.amazonaws.com/airdnd98/photos/pic_206.png,65
446,crabby steady solid parched substantial irate barbarous,https://s3-us-west-1.amazonaws.com/airdnd98/photos/pic_169.png,65
447,depressed languid lazy quaint clean adorable,https://s3-us-west-1.amazonaws.com/airdnd98/photos/pic_779.png,65
448,verdant spurious momentous old,https://s3-us-west-1.amazonaws.com/airdnd98/photos/pic_372.png,65
449,simple acoustic ragged harsh woozy open third imminent,https://s3-us-west-1.amazonaws.com/airdnd98/photos/pic_462.png,65
450,dizzy giant thankful cute,https://s3-us-west-1.amazonaws.com/airdnd98/photos/pic_997.png,65
451,white second-hand lacking,https://s3-us-west-1.amazonaws.com/airdnd98/photos/pic_632.png,65
452,nifty elastic utopian uninterested crabby,https://s3-us-west-1.amazonaws.com/airdnd98/photos/pic_172.png,65
453,forgetful uneven,https://s3-us-west-1.amazonaws.com/airdnd98/photos/pic_783.png,66
454,decorous disturbed bloody piquant,https://s3-us-west-1.amazonaws.com/airdnd98/photos/pic_154.png,66
455,sloppy cute curly bouncy,https://s3-us-west-1.amazonaws.com/airdnd98/photos/pic_957.png,66
456,cumbersome oceanic teeny infamous decorous tan untidy hateful graceful,https://s3-us-west-1.amazonaws.com/airdnd98/photos/pic_951.png,66
457,accurate sneaky groovy literate scientific squalid,https://s3-us-west-1.amazonaws.com/airdnd98/photos/pic_078.png,66
458, flagrant left imperfect squeamish untidy voracious,https://s3-us-west-1.amazonaws.com/airdnd98/photos/pic_253.png,67
459, frequent resolute tested false familiar famous alive,https://s3-us-west-1.amazonaws.com/airdnd98/photos/pic_124.png,67
460,spiky adorable luxuriant sparkling unwritten mute shivering six,https://s3-us-west-1.amazonaws.com/airdnd98/photos/pic_343.png,67
461,rhetorical perfect first giant,https://s3-us-west-1.amazonaws.com/airdnd98/photos/pic_106.png,67
462,changeable imminent blushing ill-fated,https://s3-us-west-1.amazonaws.com/airdnd98/photos/pic_867.png,67
463,penitent ignorant placid plucky clear,https://s3-us-west-1.amazonaws.com/airdnd98/photos/pic_943.png,67
464,rapid unequal harsh lyrical delightful,https://s3-us-west-1.amazonaws.com/airdnd98/photos/pic_430.png,67
465,even excellent excited wiggly,https://s3-us-west-1.amazonaws.com/airdnd98/photos/pic_555.png,67
466,amuck magnificent elated comfortable enthusiastic guiltless,https://s3-us-west-1.amazonaws.com/airdnd98/photos/pic_724.png,68
467,scientific precious sophisticated,https://s3-us-west-1.amazonaws.com/airdnd98/photos/pic_679.png,68
468,infamous slim pushy curvy dirty,https://s3-us-west-1.amazonaws.com/airdnd98/photos/pic_394.png,68
469,ordinary past aberrant,https://s3-us-west-1.amazonaws.com/airdnd98/photos/pic_543.png,68
470,nippy,https://s3-us-west-1.amazonaws.com/airdnd98/photos/pic_403.png,68
471,grotesque foolish defiant ultra,https://s3-us-west-1.amazonaws.com/airdnd98/photos/pic_810.png,68
472,moldy aggressive instinctive,https://s3-us-west-1.amazonaws.com/airdnd98/photos/pic_402.png,69
473,abundant knowing dry burly befitting thick jagged,https://s3-us-west-1.amazonaws.com/airdnd98/photos/pic_260.png,69
474,raspy warm,https://s3-us-west-1.amazonaws.com/airdnd98/photos/pic_010.png,69
475,delicious glossy wise animated puzzled tidy absorbed annoyed small rampant,https://s3-us-west-1.amazonaws.com/airdnd98/photos/pic_813.png,69
476,sparkling spooky shallow,https://s3-us-west-1.amazonaws.com/airdnd98/photos/pic_442.png,69
477,cautious befitting kind itchy enchanting,https://s3-us-west-1.amazonaws.com/airdnd98/photos/pic_529.png,69
478,jazzy industrious groovy finicky,https://s3-us-west-1.amazonaws.com/airdnd98/photos/pic_116.png,69
479,common terrific madly,https://s3-us-west-1.amazonaws.com/airdnd98/photos/pic_901.png,70
480,paltry juicy bustling possible venomous,https://s3-us-west-1.amazonaws.com/airdnd98/photos/pic_141.png,70
481,cheerful quick sassy concerned limping,https://s3-us-west-1.amazonaws.com/airdnd98/photos/pic_816.png,70
482,guttural H habitual third unique materialistic gifted quaint gaping blue-eyed neighborly melodic,https://s3-us-west-1.amazonaws.com/airdnd98/photos/pic_772.png,70
483,cynical false familiar famous puny didactic whole  far-flung,https://s3-us-west-1.amazonaws.com/airdnd98/photos/pic_242.png,70
484,tart luxuriant sneaky brawny,https://s3-us-west-1.amazonaws.com/airdnd98/photos/pic_720.png,70
485,chemical rough cultured hesitant humorous insidious debonair,https://s3-us-west-1.amazonaws.com/airdnd98/photos/pic_406.png,70
486,uneven furry furtive delicious tense certain,https://s3-us-west-1.amazonaws.com/airdnd98/photos/pic_905.png,70
487,gamy,https://s3-us-west-1.amazonaws.com/airdnd98/photos/pic_379.png,70
488,grandiose second-hand puzzled eight supreme puzzled ad heavenly heavy hellish,https://s3-us-west-1.amazonaws.com/airdnd98/photos/pic_811.png,70
489,violent accidental cuddly tidy fallacious guttural H habitual feeble feigned jumbled ashamed,https://s3-us-west-1.amazonaws.com/airdnd98/photos/pic_570.png,71
490,oval many aromatic ratty three tangible important,https://s3-us-west-1.amazonaws.com/airdnd98/photos/pic_520.png,71
491,nippy royal sour ludicrous anxious abrasive overt dysfunctional deserted large,https://s3-us-west-1.amazonaws.com/airdnd98/photos/pic_256.png,71
492,tasteless tested,https://s3-us-west-1.amazonaws.com/airdnd98/photos/pic_988.png,71
493,cagey hideous high foregoing ill literate cowardly slimy idiotic warlike,https://s3-us-west-1.amazonaws.com/airdnd98/photos/pic_689.png,71
494,supreme amuck wicked,https://s3-us-west-1.amazonaws.com/airdnd98/photos/pic_171.png,71
495,festive tired,https://s3-us-west-1.amazonaws.com/airdnd98/photos/pic_346.png,72
496,changeable  freezing parched workable coordinated low unknown lethal noisy,https://s3-us-west-1.amazonaws.com/airdnd98/photos/pic_829.png,72
497,damp diligent creepy small precious,https://s3-us-west-1.amazonaws.com/airdnd98/photos/pic_706.png,72
498,zesty swift,https://s3-us-west-1.amazonaws.com/airdnd98/photos/pic_412.png,72
499,amusing  flagrant accurate ad dead macabre quickest whispering necessary,https://s3-us-west-1.amazonaws.com/airdnd98/photos/pic_491.png,72
500,careless free immense combative staking naughty melted tearful parallel medical,https://s3-us-west-1.amazonaws.com/airdnd98/photos/pic_854.png,72
501,relieved waiting anxious weak assorted fuzzy  robust cold expensive kindhearted,https://s3-us-west-1.amazonaws.com/airdnd98/photos/pic_437.png,73
502,magical distinct,https://s3-us-west-1.amazonaws.com/airdnd98/photos/pic_350.png,73
503,animated incredible calm daily available keen tawdry irritating,https://s3-us-west-1.amazonaws.com/airdnd98/photos/pic_876.png,73
504,equal bored acid deafening voiceless lopsided ratty loud,https://s3-us-west-1.amazonaws.com/airdnd98/photos/pic_755.png,73
505,noiseless trashy rustic dramatic divergent,https://s3-us-west-1.amazonaws.com/airdnd98/photos/pic_918.png,73
506,acrid icky abaft encouraging six soggy wistful internal sticky,https://s3-us-west-1.amazonaws.com/airdnd98/photos/pic_671.png,73
507,sweet accessible lean violet fortunate,https://s3-us-west-1.amazonaws.com/airdnd98/photos/pic_931.png,74
508,waiting ill-informed absorbing outrageous,https://s3-us-west-1.amazonaws.com/airdnd98/photos/pic_382.png,74
509,homely square meek smoggy,https://s3-us-west-1.amazonaws.com/airdnd98/photos/pic_743.png,74
510,loutish medical ultra afraid uninterested polite mute,https://s3-us-west-1.amazonaws.com/airdnd98/photos/pic_547.png,74
511,wrong flimsy ruddy eminent,https://s3-us-west-1.amazonaws.com/airdnd98/photos/pic_948.png,74
512,big beneficial infamous known gaudy uncovered blushing mundane,https://s3-us-west-1.amazonaws.com/airdnd98/photos/pic_456.png,75
513,juicy noxious irritating flat periodic,https://s3-us-west-1.amazonaws.com/airdnd98/photos/pic_858.png,75
514,tangy utopian unnatural spotty icy aberrant protective,https://s3-us-west-1.amazonaws.com/airdnd98/photos/pic_722.png,75
515,acoustic screeching disgusting ajar,https://s3-us-west-1.amazonaws.com/airdnd98/photos/pic_383.png,75
516,makeshift sweltering,https://s3-us-west-1.amazonaws.com/airdnd98/photos/pic_302.png,75
517,smart plant,https://s3-us-west-1.amazonaws.com/airdnd98/photos/pic_061.png,75
518,loose receptive classy careful  foamy spiky legal aromatic,https://s3-us-west-1.amazonaws.com/airdnd98/photos/pic_303.png,75
519,languid few fierce husky nauseating noisy panicky uncovered well-to-do limping tart,https://s3-us-west-1.amazonaws.com/airdnd98/photos/pic_215.png,75
520,scared sassy macabre,https://s3-us-west-1.amazonaws.com/airdnd98/photos/pic_441.png,75
521,slow lopsided absorbing mysterious onerous,https://s3-us-west-1.amazonaws.com/airdnd98/photos/pic_397.png,76
522,pathetic fabulous simple wonderful conscious strange magenta homeless tidy,https://s3-us-west-1.amazonaws.com/airdnd98/photos/pic_481.png,76
523,glossy coherent synonymous kindhearted fragile well-to-do elastic possible hideous high prickly,https://s3-us-west-1.amazonaws.com/airdnd98/photos/pic_460.png,76
524,swift cumbersome lame grateful gratis telling wet deep scared faded,https://s3-us-west-1.amazonaws.com/airdnd98/photos/pic_944.png,76
525,crazy aspiring scrawny tranquil pretty evasive,https://s3-us-west-1.amazonaws.com/airdnd98/photos/pic_605.png,76
526,steady inexpensive large light thick glamorous ruddy magenta,https://s3-us-west-1.amazonaws.com/airdnd98/photos/pic_118.png,77
527,resolute fat faulty eatable thinkable general gentle quarrelsome momentous,https://s3-us-west-1.amazonaws.com/airdnd98/photos/pic_225.png,77
528,charming knotty detailed tangy unwritten quirky old-fashioned humdrum cumbersome wretched,https://s3-us-west-1.amazonaws.com/airdnd98/photos/pic_778.png,77
529,mushy drunk scared callous racial agonizing faint fair obsolete silky military,https://s3-us-west-1.amazonaws.com/airdnd98/photos/pic_269.png,77
530,melodic courageous important unbiased tested ablaze juicy,https://s3-us-west-1.amazonaws.com/airdnd98/photos/pic_631.png,77
531,troubled sad overt kind warlike materialistic boundless illustrious,https://s3-us-west-1.amazonaws.com/airdnd98/photos/pic_824.png,77
532,magical needy eatable giant energetic breakable political calm expensive embarrassed,https://s3-us-west-1.amazonaws.com/airdnd98/photos/pic_805.png,77
533,clean adjoining alcoholic delirious,https://s3-us-west-1.amazonaws.com/airdnd98/photos/pic_668.png,77
534,obtainable xenophobic questionable chunky long-term clumsy foregoing nice soft gray greasy great,https://s3-us-west-1.amazonaws.com/airdnd98/photos/pic_501.png,78
535,elfin threatening curvy loud pricey aquatic,https://s3-us-west-1.amazonaws.com/airdnd98/photos/pic_390.png,78
536,terrible naive purple didactic,https://s3-us-west-1.amazonaws.com/airdnd98/photos/pic_614.png,78
537,berserk scarce jealous uppity curved disturbed,https://s3-us-west-1.amazonaws.com/airdnd98/photos/pic_196.png,78
538,intelligent,https://s3-us-west-1.amazonaws.com/airdnd98/photos/pic_276.png,79
539,pricey whimsical available hospitable black guiltless accessible complex thundering annoying,https://s3-us-west-1.amazonaws.com/airdnd98/photos/pic_950.png,79
540,eatable axiomatic sticky elfin,https://s3-us-west-1.amazonaws.com/airdnd98/photos/pic_764.png,79
541,temporary redundant black chubby voiceless woebegone gleaming equable,https://s3-us-west-1.amazonaws.com/airdnd98/photos/pic_719.png,79
542,little intelligent macho dear scattered guarded sable recondite,https://s3-us-west-1.amazonaws.com/airdnd98/photos/pic_212.png,79
543,yielding lumpy abrasive,https://s3-us-west-1.amazonaws.com/airdnd98/photos/pic_895.png,79
544,cool sincere barbarous zonked,https://s3-us-west-1.amazonaws.com/airdnd98/photos/pic_654.png,79
545,fluffy lively,https://s3-us-west-1.amazonaws.com/airdnd98/photos/pic_165.png,80
546,berserk mellow straight,https://s3-us-west-1.amazonaws.com/airdnd98/photos/pic_671.png,80
547,tender tense fancy beautiful waggish defective,https://s3-us-west-1.amazonaws.com/airdnd98/photos/pic_375.png,80
548, funny squealing unaccountable knowing cute old,https://s3-us-west-1.amazonaws.com/airdnd98/photos/pic_583.png,80
549,incompetent abnormal thundering misty entertaining sick wicked dependent cumbersome,https://s3-us-west-1.amazonaws.com/airdnd98/photos/pic_395.png,80
550,dependent eminent unhealthy,https://s3-us-west-1.amazonaws.com/airdnd98/photos/pic_979.png,81
551,rainy,https://s3-us-west-1.amazonaws.com/airdnd98/photos/pic_244.png,81
552,macabre tenuous  fretful quickest abashed apathetic,https://s3-us-west-1.amazonaws.com/airdnd98/photos/pic_062.png,81
553,anxious concerned meaty industrious educated green grey grieving wet,https://s3-us-west-1.amazonaws.com/airdnd98/photos/pic_069.png,81
554,tight gifted massive big,https://s3-us-west-1.amazonaws.com/airdnd98/photos/pic_704.png,82
555,profuse bright possible wholesale hulking acoustic luxuriant woozy dry,https://s3-us-west-1.amazonaws.com/airdnd98/photos/pic_108.png,82
556,strange dizzy abortive historical automatic lopsided alive entertaining,https://s3-us-west-1.amazonaws.com/airdnd98/photos/pic_603.png,82
557,symptomatic absent dizzy,https://s3-us-west-1.amazonaws.com/airdnd98/photos/pic_734.png,82
558,superb safe lackadaisical wretched lying debonair clean understood enthusiastic,https://s3-us-west-1.amazonaws.com/airdnd98/photos/pic_249.png,82
559,tawdry unwieldy pumped daffy fantastic,https://s3-us-west-1.amazonaws.com/airdnd98/photos/pic_955.png,82
560,cold vacuous organic deadpan aquatic dirty kindhearted unwieldy neat splendid,https://s3-us-west-1.amazonaws.com/airdnd98/photos/pic_919.png,82
561,crabby mushy spotty skillful fragile careful truthful marvelous drab,https://s3-us-west-1.amazonaws.com/airdnd98/photos/pic_240.png,83
562,vivacious boorish quirky nosy well-made terrific frantic  fretful dark wonderful,https://s3-us-west-1.amazonaws.com/airdnd98/photos/pic_769.png,83
563,well-to-do supreme eatable innate polite honorable productive,https://s3-us-west-1.amazonaws.com/airdnd98/photos/pic_168.png,83
564,vast instinctive cool,https://s3-us-west-1.amazonaws.com/airdnd98/photos/pic_614.png,83
565,alcoholic windy harmonious muddled wiry swanky skillful,https://s3-us-west-1.amazonaws.com/airdnd98/photos/pic_649.png,83
566,dashing anxious oceanic,https://s3-us-west-1.amazonaws.com/airdnd98/photos/pic_487.png,84
567,broken second weary squealing,https://s3-us-west-1.amazonaws.com/airdnd98/photos/pic_908.png,84
568,heartbreaking dull bitter ceaseless,https://s3-us-west-1.amazonaws.com/airdnd98/photos/pic_027.png,84
569,used callous dry plausible tense,https://s3-us-west-1.amazonaws.com/airdnd98/photos/pic_770.png,84
570,energetic goofy cautious,https://s3-us-west-1.amazonaws.com/airdnd98/photos/pic_346.png,84
571,loving,https://s3-us-west-1.amazonaws.com/airdnd98/photos/pic_994.png,84
572,berserk blushing quickest,https://s3-us-west-1.amazonaws.com/airdnd98/photos/pic_618.png,84
573,madly barbarous abrasive imperfect weary cool,https://s3-us-west-1.amazonaws.com/airdnd98/photos/pic_862.png,84
574,swanky encouraging infamous wandering ripe talented bizarre loutish utter legal,https://s3-us-west-1.amazonaws.com/airdnd98/photos/pic_766.png,84
575,nippy stupendous plausible uppity madly efficacious fine roomy tame alleged,https://s3-us-west-1.amazonaws.com/airdnd98/photos/pic_763.png,84
576,mighty wrathful jagged finicky lying,https://s3-us-west-1.amazonaws.com/airdnd98/photos/pic_415.png,85
577,elegant tasty brave incredible axiomatic idiotic,https://s3-us-west-1.amazonaws.com/airdnd98/photos/pic_834.png,85
578,terrible pale scientific used hoc,https://s3-us-west-1.amazonaws.com/airdnd98/photos/pic_408.png,85
579,bewildered disastrous thirsty,https://s3-us-west-1.amazonaws.com/airdnd98/photos/pic_027.png,85
580,embarrassed hard aggressive crowded nonstop clever spiritual,https://s3-us-west-1.amazonaws.com/airdnd98/photos/pic_415.png,86
581,sloppy earthy depressed gleaming materialistic,https://s3-us-west-1.amazonaws.com/airdnd98/photos/pic_608.png,86
582,rhetorical,https://s3-us-west-1.amazonaws.com/airdnd98/photos/pic_285.png,86
583,complete sordid alleged,https://s3-us-west-1.amazonaws.com/airdnd98/photos/pic_345.png,86
584,wry inquisitive didactic rotten,https://s3-us-west-1.amazonaws.com/airdnd98/photos/pic_708.png,86
585,hilarious,https://s3-us-west-1.amazonaws.com/airdnd98/photos/pic_883.png,86
586,assorted rainy,https://s3-us-west-1.amazonaws.com/airdnd98/photos/pic_349.png,87
587,tightfisted mountainous same humdrum grouchy mammoth tremendous aback uncovered alluring,https://s3-us-west-1.amazonaws.com/airdnd98/photos/pic_594.png,87
588,squeamish pointless narrow optimal adhesive resolute yummy massive,https://s3-us-west-1.amazonaws.com/airdnd98/photos/pic_081.png,87
589,enthusiastic diligent filthy acceptable envious tasteless,https://s3-us-west-1.amazonaws.com/airdnd98/photos/pic_751.png,87
590,handsome internal incompetent loutish groovy,https://s3-us-west-1.amazonaws.com/airdnd98/photos/pic_939.png,87
591,phobic unused white uttermost electric obtainable superficial heavenly heavy hellish,https://s3-us-west-1.amazonaws.com/airdnd98/photos/pic_156.png,87
592,conscious,https://s3-us-west-1.amazonaws.com/airdnd98/photos/pic_737.png,87
593,truculent permissible dead,https://s3-us-west-1.amazonaws.com/airdnd98/photos/pic_395.png,87
594,spotted level sparkling average,https://s3-us-west-1.amazonaws.com/airdnd98/photos/pic_736.png,88
595,fortunate sticky complex dashing ad swift shrill wary old-fashioned,https://s3-us-west-1.amazonaws.com/airdnd98/photos/pic_622.png,88
596,telling nosy perfect alleged tacky funny humorous sordid,https://s3-us-west-1.amazonaws.com/airdnd98/photos/pic_716.png,88
597,tiny barbarous neighborly,https://s3-us-west-1.amazonaws.com/airdnd98/photos/pic_216.png,88
598,longing whole white clumsy cautious,https://s3-us-west-1.amazonaws.com/airdnd98/photos/pic_506.png,88
599,mute snotty flowery crowded,https://s3-us-west-1.amazonaws.com/airdnd98/photos/pic_822.png,88
600,ossified sable alcoholic divergent fine bawdy brawny,https://s3-us-west-1.amazonaws.com/airdnd98/photos/pic_078.png,89
601,fortunate handy irate petite incandescent,https://s3-us-west-1.amazonaws.com/airdnd98/photos/pic_677.png,89
602,two milky delicious material quiet guttural H habitual pretty stimulating three,https://s3-us-west-1.amazonaws.com/airdnd98/photos/pic_211.png,89
603,slimy eminent ragged ruddy elfin racial inexpensive cuddly,https://s3-us-west-1.amazonaws.com/airdnd98/photos/pic_838.png,89
604,cooing,https://s3-us-west-1.amazonaws.com/airdnd98/photos/pic_685.png,89
605,adamant cooperative,https://s3-us-west-1.amazonaws.com/airdnd98/photos/pic_589.png,89
606,wicked scared thinkable unable decorous,https://s3-us-west-1.amazonaws.com/airdnd98/photos/pic_861.png,89
607,languid childlike deserted adamant xenophobic uninterested spicy cooing stimulating,https://s3-us-west-1.amazonaws.com/airdnd98/photos/pic_966.png,89
608,guiltless,https://s3-us-west-1.amazonaws.com/airdnd98/photos/pic_373.png,89
609,next,https://s3-us-west-1.amazonaws.com/airdnd98/photos/pic_796.png,89
610,perfect impartial quizzical numberless foregoing wonderful irate fuzzy  colossal uneven,https://s3-us-west-1.amazonaws.com/airdnd98/photos/pic_792.png,90
611,brash super parallel nauseating happy open rough temporary,https://s3-us-west-1.amazonaws.com/airdnd98/photos/pic_219.png,90
612,meaty likeable childlike luxuriant damaged medical exciting exclusive healthy limping,https://s3-us-west-1.amazonaws.com/airdnd98/photos/pic_076.png,90
613,waiting complete,https://s3-us-west-1.amazonaws.com/airdnd98/photos/pic_293.png,90
614,capable nonstop unkempt placid erect grouchy thinkable spiritual ubiquitous,https://s3-us-west-1.amazonaws.com/airdnd98/photos/pic_409.png,90
615,weak,https://s3-us-west-1.amazonaws.com/airdnd98/photos/pic_694.png,90
616,erratic debonair pumped wandering deranged irritating one decisive wealthy acid,https://s3-us-west-1.amazonaws.com/airdnd98/photos/pic_825.png,90
617,last serious sedate panoramic succinct permissible,https://s3-us-west-1.amazonaws.com/airdnd98/photos/pic_805.png,90
618,jobless adaptable wealthy aspiring hurried,https://s3-us-west-1.amazonaws.com/airdnd98/photos/pic_677.png,90
619,scientific stormy vivacious distinct abashed damp envious,https://s3-us-west-1.amazonaws.com/airdnd98/photos/pic_126.png,91
620,wrathful innocent certain,https://s3-us-west-1.amazonaws.com/airdnd98/photos/pic_575.png,91
621,muddled receptive taboo bitter blushing vast,https://s3-us-west-1.amazonaws.com/airdnd98/photos/pic_133.png,91
622,tested,https://s3-us-west-1.amazonaws.com/airdnd98/photos/pic_310.png,91
623,victorious momentous raspy striped overwrought wistful cooperative lively,https://s3-us-west-1.amazonaws.com/airdnd98/photos/pic_371.png,92
624,average eatable pointless,https://s3-us-west-1.amazonaws.com/airdnd98/photos/pic_188.png,92
625,nutty absorbed sordid imminent puzzled,https://s3-us-west-1.amazonaws.com/airdnd98/photos/pic_589.png,92
626,hard-to-find bright witty rural cold madly direful faithful,https://s3-us-west-1.amazonaws.com/airdnd98/photos/pic_048.png,92
627,well-off cold super  freezing private spotted clammy synonymous secretive poised,https://s3-us-west-1.amazonaws.com/airdnd98/photos/pic_215.png,92
628, flippant lazy cold descriptive sharp gifted forgetful,https://s3-us-west-1.amazonaws.com/airdnd98/photos/pic_691.png,92
629,large quirky,https://s3-us-west-1.amazonaws.com/airdnd98/photos/pic_034.png,92
630,defeated deep rabid tangible skinny loose,https://s3-us-west-1.amazonaws.com/airdnd98/photos/pic_755.png,92
631,amuck loving statuesque minor thirsty helpful  flippant petite,https://s3-us-west-1.amazonaws.com/airdnd98/photos/pic_531.png,92
632,ragged workable,https://s3-us-west-1.amazonaws.com/airdnd98/photos/pic_407.png,93
633,defective high-pitched parsimonious,https://s3-us-west-1.amazonaws.com/airdnd98/photos/pic_251.png,93
634,giddy petite blushing tenuous black dashing,https://s3-us-west-1.amazonaws.com/airdnd98/photos/pic_640.png,93
635,amuck late lying jazzy xenophobic nutty,https://s3-us-west-1.amazonaws.com/airdnd98/photos/pic_340.png,93
636,bad,https://s3-us-west-1.amazonaws.com/airdnd98/photos/pic_408.png,93
637,uppity numberless level,https://s3-us-west-1.amazonaws.com/airdnd98/photos/pic_037.png,93
638,garrulous scientific drab few fierce,https://s3-us-west-1.amazonaws.com/airdnd98/photos/pic_826.png,93
639,succinct petite large obscene unwritten agonizing eminent,https://s3-us-west-1.amazonaws.com/airdnd98/photos/pic_584.png,93
640,exultant sore unarmed keen woozy sophisticated bumpy wanting subsequent impolite,https://s3-us-west-1.amazonaws.com/airdnd98/photos/pic_784.png,93
641,omniscient somber poised,https://s3-us-west-1.amazonaws.com/airdnd98/photos/pic_028.png,94
642,steep wicked brawny wary quack oafish incredible exciting exclusive relieved,https://s3-us-west-1.amazonaws.com/airdnd98/photos/pic_111.png,94
643,silent vague fluffy horrible parched panicky paltry overconfident,https://s3-us-west-1.amazonaws.com/airdnd98/photos/pic_888.png,94
644,dirty witty jealous knowing hideous high jittery,https://s3-us-west-1.amazonaws.com/airdnd98/photos/pic_201.png,94
645,warlike well-groomed,https://s3-us-west-1.amazonaws.com/airdnd98/photos/pic_450.png,94
646,clammy capable spotty vagabond racial parsimonious intelligent,https://s3-us-west-1.amazonaws.com/airdnd98/photos/pic_302.png,94
647,strong unaccountable dispensable powerful mundane,https://s3-us-west-1.amazonaws.com/airdnd98/photos/pic_475.png,94
648,heavenly heavy hellish threatening somber cultured unbecoming ugliest old cute abrasive handy,https://s3-us-west-1.amazonaws.com/airdnd98/photos/pic_489.png,95
649,enthusiastic super useful eatable recondite,https://s3-us-west-1.amazonaws.com/airdnd98/photos/pic_170.png,95
650,internal silent wide inconclusive superficial rough aware,https://s3-us-west-1.amazonaws.com/airdnd98/photos/pic_325.png,95
651,judicious dramatic unequal mature omniscient raspy lewd,https://s3-us-west-1.amazonaws.com/airdnd98/photos/pic_213.png,95
652,steady aboard,https://s3-us-west-1.amazonaws.com/airdnd98/photos/pic_833.png,95
653,domineering humorous future futuristic depressed fat faulty simplistic smelly outrageous decisive,https://s3-us-west-1.amazonaws.com/airdnd98/photos/pic_202.png,95
654,shocking,https://s3-us-west-1.amazonaws.com/airdnd98/photos/pic_912.png,95
655,uncovered cheerful gainful,https://s3-us-west-1.amazonaws.com/airdnd98/photos/pic_499.png,96
656,foolish ceaseless clear bright well-groomed thundering troubled,https://s3-us-west-1.amazonaws.com/airdnd98/photos/pic_073.png,96
657,mountainous truculent sharp,https://s3-us-west-1.amazonaws.com/airdnd98/photos/pic_448.png,96
658,lovely extra-large extra-small exuberant merciful innate soft incredible black lackadaisical grateful gratis steep,https://s3-us-west-1.amazonaws.com/airdnd98/photos/pic_313.png,96
659,aback enormous used obtainable roomy vigorous unbecoming longing hallowed,https://s3-us-west-1.amazonaws.com/airdnd98/photos/pic_013.png,96
660,abounding whimsical overconfident lackadaisical fine imaginary,https://s3-us-west-1.amazonaws.com/airdnd98/photos/pic_962.png,96
661,madly subsequent responsible sore nosy,https://s3-us-west-1.amazonaws.com/airdnd98/photos/pic_835.png,96
662,cheerful wandering absorbed abhorrent material ready,https://s3-us-west-1.amazonaws.com/airdnd98/photos/pic_815.png,96
663,slippery venomous gorgeous panoramic gaping infamous responsible,https://s3-us-west-1.amazonaws.com/airdnd98/photos/pic_920.png,96
664,stupid unruly adhesive voiceless dispensable dead quickest puffy false familiar famous therapeutic,https://s3-us-west-1.amazonaws.com/airdnd98/photos/pic_338.png,97
665,nappy private married precious dry,https://s3-us-west-1.amazonaws.com/airdnd98/photos/pic_495.png,97
666,mighty apathetic aloof perpetual,https://s3-us-west-1.amazonaws.com/airdnd98/photos/pic_325.png,97
667,royal green grey grieving billowy,https://s3-us-west-1.amazonaws.com/airdnd98/photos/pic_938.png,97
668,peaceful capable victorious dashing fabulous,https://s3-us-west-1.amazonaws.com/airdnd98/photos/pic_670.png,97
669,loud ordinary,https://s3-us-west-1.amazonaws.com/airdnd98/photos/pic_125.png,97
670,level didactic unwieldy alive unusual ossified small alcoholic ambitious,https://s3-us-west-1.amazonaws.com/airdnd98/photos/pic_017.png,97
671,puzzled homeless colossal smooth unusual uptight robust husky bewildered swanky,https://s3-us-west-1.amazonaws.com/airdnd98/photos/pic_506.png,97
672,adjoining handy,https://s3-us-west-1.amazonaws.com/airdnd98/photos/pic_994.png,97
673,rare alive raspy friendly fuzzy  unadvised rich accidental redundant,https://s3-us-west-1.amazonaws.com/airdnd98/photos/pic_058.png,97
674,giant rude valuable hurried creepy momentous vivacious childlike,https://s3-us-west-1.amazonaws.com/airdnd98/photos/pic_315.png,98
675,stiff uptight many secret barbarous,https://s3-us-west-1.amazonaws.com/airdnd98/photos/pic_716.png,98
676,seemly public chubby abusive tricky forgetful smelly untidy well-groomed,https://s3-us-west-1.amazonaws.com/airdnd98/photos/pic_268.png,98
677,beautiful rhetorical warlike busy aberrant tender tense hissing,https://s3-us-west-1.amazonaws.com/airdnd98/photos/pic_734.png,98
678,swift sloppy shrill snobbish uncovered sudden,https://s3-us-west-1.amazonaws.com/airdnd98/photos/pic_674.png,99
679,exotic demonic spotted tall teeny tacit petite joyous enthusiastic,https://s3-us-west-1.amazonaws.com/airdnd98/photos/pic_101.png,99
680,heavenly heavy hellish well-to-do pale jagged long-term petite bright dashing,https://s3-us-west-1.amazonaws.com/airdnd98/photos/pic_015.png,99
681,shiny rigid  fretful,https://s3-us-west-1.amazonaws.com/airdnd98/photos/pic_247.png,99
682,probable immense wild warm yielding,https://s3-us-west-1.amazonaws.com/airdnd98/photos/pic_535.png,99
683,amazing trite,https://s3-us-west-1.amazonaws.com/airdnd98/photos/pic_418.png,99
684,infamous rainy low uptight cut snotty petite faint fair,https://s3-us-west-1.amazonaws.com/airdnd98/photos/pic_804.png,99
685,acoustic,https://s3-us-west-1.amazonaws.com/airdnd98/photos/pic_317.png,99
686,truthful long-term solid,https://s3-us-west-1.amazonaws.com/airdnd98/photos/pic_869.png,99
687,important pointless obese tame cold tired volatile  far-flung disagreeable,https://s3-us-west-1.amazonaws.com/airdnd98/photos/pic_888.png,100
688,guarded,https://s3-us-west-1.amazonaws.com/airdnd98/photos/pic_142.png,100
689,handsomely complex fluffy difficult tremendous dull panicky elderly,https://s3-us-west-1.amazonaws.com/airdnd98/photos/pic_679.png,100
690,bored spicy cold rebel parched classy,https://s3-us-west-1.amazonaws.com/airdnd98/photos/pic_135.png,100
691,devilish vagabond breezy stormy brawny  fixed abaft spurious,https://s3-us-west-1.amazonaws.com/airdnd98/photos/pic_351.png,100
